year,ahe,bachelor,female,age,const
2015.0,11.778846,0.0,0.0,26.0,1
2015.0,9.615385,0.0,1.0,33.0,1
2015.0,12.019231,0.0,0.0,31.0,1
2015.0,18.376068,0.0,0.0,32.0,1
2015.0,41.836735,0.0,0.0,28.0,1
2015.0,19.23077,0.0,1.0,31.0,1
2015.0,13.461538,0.0,0.0,34.0,1
2015.0,25.641026,1.0,1.0,33.0,1
2015.0,35.470085,0.0,0.0,34.0,1
2015.0,16.02564,1.0,1.0,33.0,1
2015.0,33.658173,1.0,0.0,32.0,1
2015.0,23.076923,1.0,1.0,30.0,1
2015.0,19.23077,0.0,0.0,31.0,1
2015.0,14.423077,0.0,0.0,31.0,1
2015.0,12.980769,1.0,1.0,30.0,1
2015.0,11.538462,1.0,0.0,30.0,1
2015.0,8.01282,0.0,0.0,33.0,1
2015.0,13.125,0.0,0.0,28.0,1
2015.0,23.076923,0.0,0.0,33.0,1
2015.0,20.879122,0.0,0.0,26.0,1
2015.0,3.8461537,1.0,1.0,28.0,1
2015.0,22.596153,1.0,1.0,34.0,1
2015.0,6.5384617,1.0,0.0,29.0,1
2015.0,18.589743,1.0,1.0,28.0,1
2015.0,14.399038,0.0,1.0,29.0,1
2015.0,19.711538,1.0,0.0,33.0,1
2015.0,22.349272,1.0,1.0,31.0,1
2015.0,26.442308,0.0,1.0,30.0,1
2015.0,7.0,1.0,1.0,33.0,1
2015.0,57.692307,0.0,0.0,33.0,1
2015.0,36.057693,0.0,0.0,33.0,1
2015.0,24.475525,1.0,0.0,30.0,1
2015.0,19.23077,0.0,0.0,29.0,1
2015.0,8.653846,0.0,1.0,30.0,1
2015.0,20.979021,1.0,1.0,26.0,1
2015.0,13.782051,1.0,0.0,26.0,1
2015.0,14.164904,1.0,1.0,33.0,1
2015.0,14.102564,0.0,0.0,28.0,1
2015.0,31.46853,0.0,1.0,34.0,1
2015.0,20.054945,1.0,0.0,27.0,1
2015.0,17.788462,1.0,1.0,32.0,1
2015.0,11.538462,1.0,1.0,29.0,1
2015.0,8.0,0.0,1.0,25.0,1
2015.0,19.23077,1.0,1.0,31.0,1
2015.0,12.5,0.0,0.0,34.0,1
2015.0,13.461538,0.0,0.0,26.0,1
2015.0,24.038462,0.0,1.0,33.0,1
2015.0,18.53125,1.0,1.0,33.0,1
2015.0,12.980769,0.0,1.0,28.0,1
2015.0,23.076923,1.0,1.0,34.0,1
2015.0,6.730769,0.0,0.0,27.0,1
2015.0,5.263158,1.0,1.0,25.0,1
2015.0,19.23077,1.0,0.0,32.0,1
2015.0,28.846153,0.0,0.0,34.0,1
2015.0,9.615385,1.0,1.0,32.0,1
2015.0,14.957265,1.0,0.0,31.0,1
2015.0,19.23077,1.0,1.0,29.0,1
2015.0,32.692307,0.0,0.0,34.0,1
2015.0,38.46154,1.0,1.0,30.0,1
2015.0,29.283216,1.0,0.0,31.0,1
2015.0,16.483517,1.0,1.0,29.0,1
2015.0,21.923077,1.0,1.0,30.0,1
2015.0,60.0,1.0,0.0,34.0,1
2015.0,17.482517,1.0,1.0,32.0,1
2015.0,15.384615,0.0,0.0,32.0,1
2015.0,37.39316,1.0,1.0,25.0,1
2015.0,18.26923,0.0,0.0,25.0,1
2015.0,19.23077,0.0,0.0,28.0,1
2015.0,11.0,0.0,0.0,30.0,1
2015.0,12.019231,0.0,0.0,30.0,1
2015.0,15.384615,0.0,0.0,28.0,1
2015.0,14.182693,1.0,1.0,26.0,1
2015.0,14.423077,1.0,1.0,26.0,1
2015.0,11.538462,0.0,0.0,30.0,1
2015.0,26.442308,1.0,1.0,25.0,1
2015.0,24.038462,1.0,0.0,26.0,1
2015.0,20.512821,0.0,0.0,30.0,1
2015.0,40.865383,1.0,0.0,33.0,1
2015.0,36.458332,1.0,0.0,27.0,1
2015.0,19.23077,1.0,0.0,27.0,1
2015.0,49.51923,0.0,0.0,26.0,1
2015.0,15.384615,1.0,1.0,32.0,1
2015.0,16.346153,0.0,0.0,30.0,1
2015.0,12.980769,0.0,0.0,25.0,1
2015.0,29.326923,0.0,0.0,29.0,1
2015.0,19.23077,0.0,1.0,27.0,1
2015.0,14.423077,0.0,0.0,31.0,1
2015.0,29.91453,0.0,0.0,34.0,1
2015.0,14.423077,0.0,1.0,33.0,1
2015.0,15.0,1.0,1.0,29.0,1
2015.0,17.307692,1.0,0.0,29.0,1
2015.0,22.596153,0.0,0.0,27.0,1
2015.0,12.980769,1.0,0.0,30.0,1
2015.0,20.432692,1.0,1.0,31.0,1
2015.0,30.117132,0.0,0.0,30.0,1
2015.0,23.076923,1.0,0.0,32.0,1
2015.0,14.423077,0.0,1.0,27.0,1
2015.0,30.76923,1.0,0.0,29.0,1
2015.0,7.2115383,0.0,1.0,26.0,1
2015.0,10.316937,0.0,1.0,32.0,1
2015.0,21.367521,0.0,0.0,31.0,1
2015.0,16.826923,1.0,1.0,30.0,1
2015.0,46.153847,1.0,0.0,25.0,1
2015.0,10.09667,1.0,1.0,26.0,1
2015.0,14.423077,0.0,0.0,28.0,1
2015.0,48.076923,1.0,0.0,33.0,1
2015.0,19.23077,1.0,1.0,28.0,1
2015.0,12.980769,0.0,0.0,26.0,1
2015.0,19.711538,1.0,1.0,33.0,1
2015.0,10.576923,0.0,0.0,34.0,1
2015.0,20.192308,1.0,0.0,25.0,1
2015.0,38.46154,1.0,1.0,32.0,1
2015.0,16.346153,0.0,1.0,33.0,1
2015.0,13.096154,1.0,1.0,29.0,1
2015.0,29.91453,0.0,1.0,27.0,1
2015.0,12.019231,0.0,0.0,25.0,1
2015.0,17.788462,0.0,1.0,28.0,1
2015.0,19.23077,1.0,1.0,32.0,1
2015.0,12.237762,1.0,0.0,32.0,1
2015.0,19.23077,1.0,0.0,32.0,1
2015.0,11.538462,0.0,1.0,28.0,1
2015.0,15.182186,0.0,0.0,32.0,1
2015.0,28.846153,1.0,1.0,32.0,1
2015.0,19.667831,0.0,0.0,29.0,1
2015.0,11.538462,0.0,1.0,25.0,1
2015.0,24.038462,1.0,1.0,33.0,1
2015.0,24.038782,0.0,0.0,26.0,1
2015.0,48.076923,1.0,0.0,31.0,1
2015.0,20.229807,1.0,1.0,31.0,1
2015.0,15.144231,0.0,0.0,25.0,1
2015.0,20.192308,1.0,1.0,33.0,1
2015.0,18.26923,0.0,0.0,33.0,1
2015.0,17.482517,0.0,0.0,33.0,1
2015.0,13.461538,0.0,1.0,27.0,1
2015.0,19.23077,0.0,0.0,33.0,1
2015.0,13.736263,1.0,1.0,30.0,1
2015.0,13.269231,1.0,1.0,30.0,1
2015.0,7.2115383,0.0,1.0,27.0,1
2015.0,18.75,0.0,0.0,31.0,1
2015.0,16.826923,0.0,0.0,30.0,1
2015.0,30.76923,1.0,1.0,29.0,1
2015.0,14.663462,1.0,1.0,34.0,1
2015.0,7.6923075,1.0,1.0,34.0,1
2015.0,11.217949,1.0,1.0,34.0,1
2015.0,9.2,0.0,0.0,25.0,1
2015.0,17.788462,0.0,0.0,27.0,1
2015.0,19.23077,0.0,1.0,30.0,1
2015.0,28.571428,1.0,1.0,34.0,1
2015.0,9.615385,0.0,1.0,32.0,1
2015.0,15.769231,0.0,1.0,27.0,1
2015.0,16.826923,1.0,1.0,30.0,1
2015.0,24.038462,1.0,1.0,25.0,1
2015.0,5.769231,0.0,1.0,34.0,1
2015.0,14.423077,0.0,0.0,29.0,1
2015.0,11.25,0.0,0.0,31.0,1
2015.0,17.307692,1.0,1.0,28.0,1
2015.0,11.538462,1.0,1.0,27.0,1
2015.0,11.057693,0.0,1.0,25.0,1
2015.0,20.384615,0.0,0.0,29.0,1
2015.0,15.934066,0.0,0.0,28.0,1
2015.0,11.538462,1.0,1.0,27.0,1
2015.0,12.019231,1.0,0.0,33.0,1
2015.0,19.311058,0.0,0.0,34.0,1
2015.0,14.423077,0.0,1.0,31.0,1
2015.0,19.23077,0.0,0.0,34.0,1
2015.0,25.961538,1.0,0.0,26.0,1
2015.0,19.505495,1.0,1.0,27.0,1
2015.0,19.23077,1.0,1.0,31.0,1
2015.0,16.827885,1.0,1.0,32.0,1
2015.0,10.769231,0.0,0.0,32.0,1
2015.0,15.384615,0.0,0.0,25.0,1
2015.0,14.423077,0.0,1.0,32.0,1
2015.0,26.923077,0.0,0.0,25.0,1
2015.0,20.0,1.0,1.0,27.0,1
2015.0,22.596153,1.0,0.0,32.0,1
2015.0,48.077885,1.0,1.0,29.0,1
2015.0,32.05128,1.0,0.0,25.0,1
2015.0,18.0,1.0,0.0,29.0,1
2015.0,30.76923,1.0,1.0,32.0,1
2015.0,40.865383,1.0,0.0,28.0,1
2015.0,32.4,1.0,1.0,26.0,1
2015.0,23.076923,1.0,0.0,26.0,1
2015.0,25.240385,1.0,0.0,27.0,1
2015.0,43.26923,1.0,0.0,27.0,1
2015.0,46.897114,1.0,0.0,26.0,1
2015.0,34.188034,1.0,0.0,32.0,1
2015.0,29.807692,1.0,0.0,33.0,1
2015.0,13.461538,1.0,0.0,33.0,1
2015.0,18.901098,1.0,1.0,34.0,1
2015.0,9.125,1.0,1.0,27.0,1
2015.0,44.71154,1.0,0.0,31.0,1
2015.0,52.884617,1.0,0.0,26.0,1
2015.0,12.019231,1.0,1.0,26.0,1
2015.0,12.019231,1.0,1.0,31.0,1
2015.0,31.25,0.0,0.0,30.0,1
2015.0,14.529915,0.0,1.0,26.0,1
2015.0,17.482517,0.0,0.0,29.0,1
2015.0,9.615385,0.0,1.0,29.0,1
2015.0,14.423077,0.0,0.0,30.0,1
2015.0,38.46154,0.0,1.0,32.0,1
2015.0,38.46154,1.0,0.0,28.0,1
2015.0,21.978022,1.0,0.0,28.0,1
2015.0,17.788462,1.0,1.0,28.0,1
2015.0,15.769231,0.0,1.0,27.0,1
2015.0,14.423077,0.0,1.0,27.0,1
2015.0,46.153847,0.0,0.0,29.0,1
2015.0,16.346153,0.0,1.0,33.0,1
2015.0,21.978022,1.0,1.0,32.0,1
2015.0,24.254808,1.0,0.0,31.0,1
2015.0,38.46154,0.0,0.0,33.0,1
2015.0,19.23077,1.0,1.0,26.0,1
2015.0,14.967949,1.0,0.0,34.0,1
2015.0,18.26923,0.0,0.0,29.0,1
2015.0,23.076923,1.0,0.0,32.0,1
2015.0,25.0,1.0,1.0,30.0,1
2015.0,9.245563,0.0,0.0,33.0,1
2015.0,13.461538,0.0,1.0,28.0,1
2015.0,24.51923,0.0,0.0,33.0,1
2015.0,24.954212,1.0,1.0,33.0,1
2015.0,9.6,0.0,1.0,29.0,1
2015.0,10.576923,0.0,1.0,27.0,1
2015.0,13.701923,1.0,0.0,29.0,1
2015.0,14.903846,1.0,0.0,31.0,1
2015.0,14.423077,0.0,1.0,31.0,1
2015.0,40.865383,1.0,1.0,32.0,1
2015.0,25.641026,0.0,1.0,27.0,1
2015.0,24.725275,1.0,1.0,25.0,1
2015.0,31.25,1.0,1.0,26.0,1
2015.0,28.846153,1.0,0.0,29.0,1
2015.0,31.25,1.0,0.0,31.0,1
2015.0,24.038462,1.0,1.0,25.0,1
2015.0,16.153847,1.0,1.0,26.0,1
2015.0,24.038462,1.0,0.0,28.0,1
2015.0,14.423077,1.0,0.0,26.0,1
2015.0,27.403847,1.0,0.0,29.0,1
2015.0,20.192308,1.0,0.0,27.0,1
2015.0,28.846153,1.0,1.0,31.0,1
2015.0,56.490383,1.0,0.0,27.0,1
2015.0,18.0,1.0,1.0,26.0,1
2015.0,13.076923,0.0,0.0,25.0,1
2015.0,19.23077,1.0,1.0,26.0,1
2015.0,32.05128,1.0,0.0,25.0,1
2015.0,27.546778,1.0,1.0,30.0,1
2015.0,11.538462,1.0,1.0,28.0,1
2015.0,34.786324,1.0,1.0,32.0,1
2015.0,27.403847,1.0,0.0,34.0,1
2015.0,22.035257,0.0,1.0,34.0,1
2015.0,35.096153,1.0,1.0,34.0,1
2015.0,21.634615,1.0,1.0,31.0,1
2015.0,42.78846,1.0,0.0,30.0,1
2015.0,54.326923,1.0,1.0,29.0,1
2015.0,10.576923,0.0,0.0,26.0,1
2015.0,14.423077,1.0,0.0,28.0,1
2015.0,24.609615,0.0,1.0,29.0,1
2015.0,18.028847,0.0,0.0,28.0,1
2015.0,34.134617,1.0,0.0,32.0,1
2015.0,15.480769,0.0,0.0,32.0,1
2015.0,14.957265,1.0,1.0,29.0,1
2015.0,7.2115383,1.0,1.0,27.0,1
2015.0,13.186813,0.0,1.0,25.0,1
2015.0,44.471153,1.0,0.0,32.0,1
2015.0,36.53846,1.0,0.0,34.0,1
2015.0,31.264744,1.0,0.0,25.0,1
2015.0,45.673077,1.0,0.0,31.0,1
2015.0,59.82906,1.0,0.0,33.0,1
2015.0,60.096153,1.0,1.0,33.0,1
2015.0,23.74963,0.0,0.0,29.0,1
2015.0,13.461538,0.0,0.0,25.0,1
2015.0,21.634615,0.0,1.0,30.0,1
2015.0,32.692307,1.0,1.0,32.0,1
2015.0,14.229615,1.0,0.0,25.0,1
2015.0,17.307692,1.0,0.0,26.0,1
2015.0,46.153847,1.0,1.0,25.0,1
2015.0,26.709402,1.0,0.0,25.0,1
2015.0,27.472527,0.0,0.0,31.0,1
2015.0,57.692307,0.0,0.0,26.0,1
2015.0,28.846153,1.0,1.0,32.0,1
2015.0,28.846153,1.0,0.0,31.0,1
2015.0,18.39161,1.0,1.0,28.0,1
2015.0,24.038462,0.0,0.0,33.0,1
2015.0,38.46154,1.0,0.0,34.0,1
2015.0,10.576923,0.0,0.0,33.0,1
2015.0,24.038462,1.0,1.0,32.0,1
2015.0,25.0,1.0,0.0,27.0,1
2015.0,11.153846,1.0,0.0,31.0,1
2015.0,14.423077,0.0,0.0,27.0,1
2015.0,5.769231,1.0,1.0,27.0,1
2015.0,27.777779,1.0,0.0,33.0,1
2015.0,12.087913,1.0,0.0,30.0,1
2015.0,9.615385,0.0,0.0,25.0,1
2015.0,8.894231,0.0,1.0,29.0,1
2015.0,12.5,1.0,0.0,29.0,1
2015.0,8.01282,1.0,1.0,27.0,1
2015.0,24.038462,1.0,1.0,25.0,1
2015.0,31.25,1.0,0.0,27.0,1
2015.0,22.884615,1.0,0.0,28.0,1
2015.0,26.442308,1.0,1.0,30.0,1
2015.0,38.46154,1.0,0.0,31.0,1
2015.0,20.0,0.0,1.0,29.0,1
2015.0,51.28205,1.0,0.0,31.0,1
2015.0,48.076923,1.0,1.0,25.0,1
2015.0,18.26923,1.0,1.0,28.0,1
2015.0,29.91453,1.0,0.0,29.0,1
2015.0,31.264744,1.0,0.0,28.0,1
2015.0,19.23077,1.0,0.0,27.0,1
2015.0,49.51923,1.0,0.0,26.0,1
2015.0,12.019231,1.0,1.0,32.0,1
2015.0,35.096153,1.0,1.0,28.0,1
2015.0,64.10256,1.0,0.0,30.0,1
2015.0,34.615383,1.0,1.0,33.0,1
2015.0,28.846153,1.0,0.0,25.0,1
2015.0,12.019231,1.0,1.0,30.0,1
2015.0,57.692307,0.0,0.0,34.0,1
2015.0,35.0,1.0,0.0,27.0,1
2015.0,24.038462,1.0,1.0,27.0,1
2015.0,21.634615,0.0,0.0,25.0,1
2015.0,18.26923,0.0,0.0,27.0,1
2015.0,57.692307,1.0,0.0,34.0,1
2015.0,11.538462,0.0,1.0,28.0,1
2015.0,16.826923,0.0,0.0,26.0,1
2015.0,11.538462,0.0,1.0,32.0,1
2015.0,31.46853,1.0,0.0,27.0,1
2015.0,31.46853,1.0,1.0,27.0,1
2015.0,24.038462,1.0,0.0,25.0,1
2015.0,27.72436,1.0,0.0,29.0,1
2015.0,36.057693,1.0,0.0,31.0,1
2015.0,21.794872,1.0,1.0,29.0,1
2015.0,40.865383,1.0,0.0,27.0,1
2015.0,19.23077,1.0,0.0,25.0,1
2015.0,20.833334,1.0,0.0,26.0,1
2015.0,48.173077,1.0,1.0,33.0,1
2015.0,20.340237,1.0,1.0,30.0,1
2015.0,21.634615,0.0,1.0,26.0,1
2015.0,19.23077,0.0,0.0,28.0,1
2015.0,35.7906,1.0,1.0,31.0,1
2015.0,10.208333,0.0,1.0,25.0,1
2015.0,16.826923,0.0,0.0,31.0,1
2015.0,10.817307,1.0,1.0,34.0,1
2015.0,12.019231,0.0,1.0,31.0,1
2015.0,21.634615,0.0,1.0,33.0,1
2015.0,9.134615,0.0,0.0,30.0,1
2015.0,28.846153,1.0,1.0,33.0,1
2015.0,36.53846,0.0,1.0,33.0,1
2015.0,13.416816,0.0,0.0,29.0,1
2015.0,38.4625,1.0,0.0,34.0,1
2015.0,11.0,0.0,0.0,25.0,1
2015.0,10.0,0.0,1.0,27.0,1
2015.0,19.23077,0.0,1.0,33.0,1
2015.0,5.769231,1.0,0.0,25.0,1
2015.0,6.730769,0.0,1.0,30.0,1
2015.0,13.461538,0.0,0.0,27.0,1
2015.0,13.354701,0.0,0.0,34.0,1
2015.0,8.653846,1.0,1.0,31.0,1
2015.0,18.028847,1.0,1.0,28.0,1
2015.0,18.75,1.0,1.0,25.0,1
2015.0,11.057693,0.0,0.0,29.0,1
2015.0,14.951923,0.0,0.0,27.0,1
2015.0,12.5,0.0,1.0,33.0,1
2015.0,16.02564,0.0,0.0,32.0,1
2015.0,19.23077,1.0,1.0,30.0,1
2015.0,26.442308,1.0,0.0,31.0,1
2015.0,26.442308,1.0,0.0,28.0,1
2015.0,19.615385,0.0,0.0,31.0,1
2015.0,12.019231,1.0,1.0,33.0,1
2015.0,33.653847,1.0,1.0,30.0,1
2015.0,23.076923,0.0,1.0,33.0,1
2015.0,21.367521,0.0,0.0,27.0,1
2015.0,31.25,0.0,0.0,25.0,1
2015.0,24.038462,1.0,0.0,32.0,1
2015.0,19.23077,1.0,1.0,26.0,1
2015.0,27.884615,1.0,0.0,34.0,1
2015.0,14.423077,0.0,1.0,33.0,1
2015.0,18.26923,1.0,0.0,33.0,1
2015.0,26.709402,1.0,1.0,34.0,1
2015.0,21.153847,0.0,0.0,30.0,1
2015.0,14.182693,1.0,1.0,30.0,1
2015.0,43.26923,1.0,0.0,31.0,1
2015.0,14.423077,0.0,0.0,27.0,1
2015.0,14.423077,0.0,1.0,26.0,1
2015.0,15.384615,0.0,1.0,28.0,1
2015.0,18.846153,1.0,1.0,25.0,1
2015.0,11.057693,0.0,0.0,25.0,1
2015.0,28.846153,1.0,0.0,34.0,1
2015.0,12.019231,0.0,0.0,30.0,1
2015.0,42.735043,1.0,0.0,29.0,1
2015.0,26.709402,1.0,0.0,27.0,1
2015.0,13.461538,0.0,0.0,26.0,1
2015.0,2.0408163,1.0,0.0,34.0,1
2015.0,29.164616,0.0,1.0,33.0,1
2015.0,7.6923075,1.0,0.0,32.0,1
2015.0,55.28846,1.0,0.0,31.0,1
2015.0,36.53846,1.0,1.0,28.0,1
2015.0,24.038462,1.0,0.0,28.0,1
2015.0,14.423077,1.0,1.0,27.0,1
2015.0,9.615385,0.0,0.0,25.0,1
2015.0,27.472527,1.0,1.0,34.0,1
2015.0,8.173077,1.0,0.0,25.0,1
2015.0,20.879122,1.0,1.0,26.0,1
2015.0,31.25,0.0,1.0,26.0,1
2015.0,25.0,1.0,1.0,30.0,1
2015.0,17.647058,1.0,1.0,31.0,1
2015.0,21.153847,1.0,0.0,26.0,1
2015.0,21.634615,1.0,1.0,25.0,1
2015.0,15.384615,0.0,1.0,34.0,1
2015.0,13.675214,0.0,0.0,27.0,1
2015.0,20.673077,1.0,1.0,29.0,1
2015.0,15.865385,0.0,0.0,27.0,1
2015.0,16.826923,0.0,0.0,25.0,1
2015.0,24.038462,1.0,1.0,30.0,1
2015.0,17.307692,0.0,1.0,26.0,1
2015.0,13.461538,0.0,0.0,28.0,1
2015.0,14.423077,1.0,1.0,30.0,1
2015.0,19.23077,1.0,1.0,26.0,1
2015.0,15.182186,0.0,0.0,32.0,1
2015.0,19.23077,1.0,0.0,30.0,1
2015.0,9.340659,0.0,1.0,25.0,1
2015.0,48.076923,1.0,0.0,34.0,1
2015.0,15.384615,0.0,0.0,27.0,1
2015.0,17.307692,1.0,0.0,34.0,1
2015.0,3.3653846,1.0,1.0,25.0,1
2015.0,12.019231,0.0,0.0,28.0,1
2015.0,39.74359,1.0,0.0,33.0,1
2015.0,21.978022,0.0,0.0,33.0,1
2015.0,25.0,0.0,1.0,30.0,1
2015.0,38.46154,1.0,0.0,31.0,1
2015.0,27.64423,1.0,0.0,29.0,1
2015.0,11.057693,0.0,1.0,31.0,1
2015.0,27.027027,1.0,1.0,29.0,1
2015.0,31.25,1.0,0.0,31.0,1
2015.0,14.182693,1.0,1.0,31.0,1
2015.0,16.346153,1.0,0.0,34.0,1
2015.0,48.71795,1.0,0.0,32.0,1
2015.0,33.654808,1.0,1.0,27.0,1
2015.0,38.46154,1.0,1.0,25.0,1
2015.0,9.125,1.0,1.0,27.0,1
2015.0,19.23077,1.0,1.0,26.0,1
2015.0,21.634615,0.0,0.0,26.0,1
2015.0,20.192308,0.0,1.0,33.0,1
2015.0,16.826923,0.0,0.0,31.0,1
2015.0,60.096153,1.0,1.0,33.0,1
2015.0,48.076923,1.0,1.0,34.0,1
2015.0,21.634615,1.0,0.0,32.0,1
2015.0,8.076923,0.0,1.0,32.0,1
2015.0,40.865383,1.0,0.0,28.0,1
2015.0,72.11539,1.0,0.0,26.0,1
2015.0,17.156862,0.0,0.0,25.0,1
2015.0,54.554657,1.0,0.0,32.0,1
2015.0,21.153847,0.0,0.0,29.0,1
2015.0,20.192308,0.0,1.0,30.0,1
2015.0,25.786713,1.0,1.0,27.0,1
2015.0,16.826923,1.0,0.0,25.0,1
2015.0,11.538462,1.0,1.0,33.0,1
2015.0,39.0625,1.0,0.0,29.0,1
2015.0,26.442308,0.0,0.0,29.0,1
2015.0,14.423077,1.0,1.0,25.0,1
2015.0,11.057693,0.0,0.0,26.0,1
2015.0,36.98225,1.0,0.0,34.0,1
2015.0,11.923077,1.0,1.0,34.0,1
2015.0,17.307692,0.0,0.0,33.0,1
2015.0,39.0625,1.0,0.0,32.0,1
2015.0,17.307692,0.0,1.0,32.0,1
2015.0,36.057693,1.0,1.0,34.0,1
2015.0,20.879122,1.0,1.0,26.0,1
2015.0,12.019231,1.0,1.0,25.0,1
2015.0,19.23077,1.0,1.0,28.0,1
2015.0,22.649572,0.0,0.0,33.0,1
2015.0,33.284023,1.0,0.0,33.0,1
2015.0,12.884615,1.0,0.0,30.0,1
2015.0,33.653847,1.0,0.0,26.0,1
2015.0,31.25,0.0,0.0,27.0,1
2015.0,21.978022,1.0,1.0,29.0,1
2015.0,33.653847,1.0,0.0,29.0,1
2015.0,52.884617,1.0,0.0,26.0,1
2015.0,14.423077,0.0,0.0,30.0,1
2015.0,8.653846,0.0,1.0,34.0,1
2015.0,22.115385,0.0,0.0,31.0,1
2015.0,10.989011,0.0,0.0,25.0,1
2015.0,16.27219,1.0,1.0,25.0,1
2015.0,8.173077,0.0,0.0,31.0,1
2015.0,10.576923,0.0,1.0,30.0,1
2015.0,10.35503,1.0,0.0,25.0,1
2015.0,19.824038,0.0,1.0,31.0,1
2015.0,13.736263,0.0,0.0,29.0,1
2015.0,7.6923075,0.0,1.0,28.0,1
2015.0,21.153847,0.0,0.0,34.0,1
2015.0,31.25,1.0,0.0,33.0,1
2015.0,4.524887,1.0,1.0,29.0,1
2015.0,19.23077,0.0,0.0,28.0,1
2015.0,33.653847,0.0,0.0,25.0,1
2015.0,13.942307,0.0,1.0,25.0,1
2015.0,16.826923,1.0,1.0,30.0,1
2015.0,25.0,0.0,0.0,26.0,1
2015.0,5.029586,0.0,0.0,33.0,1
2015.0,26.709402,1.0,1.0,33.0,1
2015.0,12.019231,0.0,1.0,32.0,1
2015.0,19.23077,1.0,1.0,28.0,1
2015.0,15.384615,1.0,0.0,31.0,1
2015.0,19.23077,0.0,0.0,27.0,1
2015.0,8.653846,0.0,0.0,30.0,1
2015.0,16.346153,0.0,0.0,30.0,1
2015.0,14.529915,0.0,1.0,30.0,1
2015.0,23.557692,0.0,0.0,32.0,1
2015.0,40.865383,1.0,1.0,33.0,1
2015.0,18.26923,1.0,0.0,30.0,1
2015.0,47.115383,1.0,0.0,33.0,1
2015.0,26.442308,1.0,1.0,30.0,1
2015.0,25.961538,1.0,1.0,33.0,1
2015.0,23.89423,0.0,1.0,29.0,1
2015.0,28.653847,0.0,0.0,30.0,1
2015.0,8.505918,0.0,1.0,29.0,1
2015.0,10.576923,0.0,1.0,34.0,1
2015.0,4.4278846,0.0,0.0,28.0,1
2015.0,26.442308,1.0,1.0,26.0,1
2015.0,33.653847,1.0,0.0,30.0,1
2015.0,29.020979,1.0,0.0,32.0,1
2015.0,20.192308,1.0,0.0,28.0,1
2015.0,22.115385,1.0,0.0,27.0,1
2015.0,14.423077,1.0,1.0,32.0,1
2015.0,40.865383,1.0,1.0,30.0,1
2015.0,31.25,1.0,1.0,27.0,1
2015.0,41.025642,1.0,0.0,33.0,1
2015.0,32.5,1.0,0.0,27.0,1
2015.0,7.5,0.0,1.0,30.0,1
2015.0,8.653846,0.0,1.0,33.0,1
2015.0,11.538462,0.0,1.0,26.0,1
2015.0,9.75,0.0,0.0,26.0,1
2015.0,19.23077,1.0,0.0,25.0,1
2015.0,15.384615,0.0,0.0,34.0,1
2015.0,15.384615,0.0,1.0,32.0,1
2015.0,33.653847,0.0,0.0,30.0,1
2015.0,15.865385,0.0,1.0,33.0,1
2015.0,48.076923,1.0,0.0,29.0,1
2015.0,65.789474,1.0,1.0,30.0,1
2015.0,4.5787544,0.0,1.0,33.0,1
2015.0,11.538462,0.0,1.0,33.0,1
2015.0,24.055288,1.0,1.0,31.0,1
2015.0,10.444445,0.0,0.0,26.0,1
2015.0,33.653847,0.0,0.0,30.0,1
2015.0,11.057693,0.0,1.0,31.0,1
2015.0,24.038462,0.0,0.0,29.0,1
2015.0,17.307692,1.0,0.0,30.0,1
2015.0,28.846153,1.0,0.0,34.0,1
2015.0,20.192308,1.0,1.0,25.0,1
2015.0,8.01282,0.0,1.0,26.0,1
2015.0,10.432693,0.0,1.0,29.0,1
2015.0,11.538462,1.0,0.0,27.0,1
2015.0,17.307692,1.0,1.0,33.0,1
2015.0,15.384615,0.0,1.0,33.0,1
2015.0,19.23077,1.0,0.0,29.0,1
2015.0,12.019231,0.0,0.0,25.0,1
2015.0,36.53846,0.0,1.0,33.0,1
2015.0,6.7235575,1.0,0.0,32.0,1
2015.0,7.2115383,1.0,0.0,32.0,1
2015.0,11.057693,1.0,0.0,32.0,1
2015.0,12.019231,0.0,0.0,28.0,1
2015.0,14.423077,0.0,1.0,30.0,1
2015.0,10.096154,0.0,1.0,33.0,1
2015.0,21.634615,1.0,0.0,33.0,1
2015.0,10.817307,1.0,1.0,28.0,1
2015.0,16.826923,1.0,1.0,25.0,1
2015.0,28.846153,0.0,0.0,29.0,1
2015.0,14.423077,1.0,1.0,28.0,1
2015.0,12.020192,1.0,0.0,34.0,1
2015.0,19.23077,1.0,0.0,26.0,1
2015.0,6.25,0.0,0.0,32.0,1
2015.0,24.038462,0.0,1.0,31.0,1
2015.0,40.0,1.0,0.0,32.0,1
2015.0,27.24359,1.0,0.0,33.0,1
2015.0,28.846153,1.0,1.0,34.0,1
2015.0,11.057693,0.0,0.0,26.0,1
2015.0,21.634615,1.0,0.0,30.0,1
2015.0,43.26923,1.0,1.0,32.0,1
2015.0,15.384615,0.0,0.0,26.0,1
2015.0,21.367521,1.0,0.0,25.0,1
2015.0,17.142857,1.0,0.0,25.0,1
2015.0,7.5520835,1.0,0.0,34.0,1
2015.0,28.846153,1.0,0.0,29.0,1
2015.0,15.384615,1.0,0.0,26.0,1
2015.0,23.076923,1.0,0.0,29.0,1
2015.0,8.603239,1.0,0.0,26.0,1
2015.0,5.769231,0.0,0.0,33.0,1
2015.0,26.442308,1.0,1.0,31.0,1
2015.0,21.634615,0.0,0.0,33.0,1
2015.0,6.4102564,0.0,1.0,29.0,1
2015.0,23.669378,1.0,0.0,31.0,1
2015.0,14.423077,0.0,0.0,33.0,1
2015.0,12.019231,0.0,0.0,34.0,1
2015.0,48.076923,0.0,1.0,32.0,1
2015.0,14.423077,0.0,1.0,31.0,1
2015.0,16.826923,0.0,0.0,33.0,1
2015.0,24.038462,0.0,0.0,25.0,1
2015.0,20.833334,1.0,1.0,26.0,1
2015.0,10.487916,1.0,1.0,34.0,1
2015.0,16.826923,1.0,1.0,30.0,1
2015.0,38.46154,0.0,0.0,34.0,1
2015.0,10.096154,1.0,0.0,27.0,1
2015.0,63.46154,1.0,1.0,34.0,1
2015.0,13.461538,1.0,1.0,29.0,1
2015.0,46.923077,1.0,1.0,25.0,1
2015.0,32.967033,1.0,0.0,26.0,1
2015.0,6.5384617,1.0,0.0,27.0,1
2015.0,43.26923,1.0,1.0,30.0,1
2015.0,52.307693,1.0,0.0,34.0,1
2015.0,62.50096,1.0,0.0,28.0,1
2015.0,70.51282,1.0,1.0,32.0,1
2015.0,31.2,1.0,0.0,32.0,1
2015.0,25.0,0.0,1.0,27.0,1
2015.0,33.654808,1.0,1.0,26.0,1
2015.0,22.115385,1.0,0.0,34.0,1
2015.0,25.096153,1.0,1.0,28.0,1
2015.0,39.423077,1.0,0.0,29.0,1
2015.0,46.153847,1.0,1.0,25.0,1
2015.0,19.951923,1.0,1.0,27.0,1
2015.0,16.826923,1.0,1.0,28.0,1
2015.0,15.384615,1.0,0.0,30.0,1
2015.0,53.418804,1.0,0.0,33.0,1
2015.0,60.096153,1.0,1.0,31.0,1
2015.0,7.684066,1.0,0.0,34.0,1
2015.0,43.706295,1.0,0.0,31.0,1
2015.0,54.945053,1.0,0.0,34.0,1
2015.0,18.26923,1.0,1.0,29.0,1
2015.0,28.681318,1.0,1.0,30.0,1
2015.0,36.057693,1.0,1.0,31.0,1
2015.0,20.462723,1.0,1.0,30.0,1
2015.0,34.188034,1.0,1.0,28.0,1
2015.0,34.188034,1.0,1.0,29.0,1
2015.0,38.46154,1.0,0.0,29.0,1
2015.0,34.188034,1.0,1.0,28.0,1
2015.0,24.038462,1.0,1.0,27.0,1
2015.0,36.057693,1.0,1.0,29.0,1
2015.0,33.333332,1.0,0.0,28.0,1
2015.0,28.846153,1.0,0.0,25.0,1
2015.0,32.472115,1.0,0.0,26.0,1
2015.0,34.188034,1.0,0.0,25.0,1
2015.0,37.517693,1.0,0.0,25.0,1
2015.0,23.076923,1.0,1.0,26.0,1
2015.0,38.46154,1.0,0.0,27.0,1
2015.0,38.46154,1.0,0.0,32.0,1
2015.0,29.585798,1.0,1.0,33.0,1
2015.0,35.714287,1.0,0.0,30.0,1
2015.0,57.692307,1.0,1.0,33.0,1
2015.0,21.634615,1.0,0.0,32.0,1
2015.0,17.96875,1.0,0.0,26.0,1
2015.0,38.46154,1.0,0.0,31.0,1
2015.0,45.192307,1.0,0.0,29.0,1
2015.0,43.75,1.0,1.0,27.0,1
2015.0,33.653847,1.0,1.0,32.0,1
2015.0,12.019231,1.0,1.0,34.0,1
2015.0,51.28205,1.0,1.0,31.0,1
2015.0,57.692307,1.0,0.0,30.0,1
2015.0,46.153847,1.0,1.0,34.0,1
2015.0,29.807692,0.0,0.0,33.0,1
2015.0,41.20879,0.0,0.0,33.0,1
2015.0,38.46154,1.0,0.0,34.0,1
2015.0,13.692307,0.0,1.0,25.0,1
2015.0,16.826923,0.0,0.0,26.0,1
2015.0,38.4625,1.0,0.0,26.0,1
2015.0,24.039423,1.0,0.0,34.0,1
2015.0,4.9278846,0.0,1.0,27.0,1
2015.0,28.846153,1.0,0.0,28.0,1
2015.0,24.038462,1.0,1.0,27.0,1
2015.0,25.961538,0.0,1.0,27.0,1
2015.0,33.653847,1.0,0.0,30.0,1
2015.0,19.23077,1.0,1.0,34.0,1
2015.0,7.6923075,0.0,1.0,29.0,1
2015.0,28.846153,1.0,0.0,29.0,1
2015.0,16.826923,1.0,0.0,25.0,1
2015.0,28.846153,1.0,0.0,27.0,1
2015.0,7.6923075,0.0,0.0,28.0,1
2015.0,15.384615,1.0,0.0,26.0,1
2015.0,12.019231,0.0,1.0,26.0,1
2015.0,11.538462,0.0,0.0,25.0,1
2015.0,27.834007,1.0,0.0,27.0,1
2015.0,21.634615,1.0,1.0,27.0,1
2015.0,26.442308,1.0,0.0,25.0,1
2015.0,24.038462,1.0,0.0,29.0,1
2015.0,25.76923,1.0,0.0,31.0,1
2015.0,24.038462,0.0,0.0,29.0,1
2015.0,14.423077,0.0,1.0,33.0,1
2015.0,17.857143,1.0,1.0,29.0,1
2015.0,19.23077,0.0,0.0,30.0,1
2015.0,38.46154,1.0,0.0,26.0,1
2015.0,37.5,1.0,0.0,31.0,1
2015.0,8.557693,0.0,0.0,25.0,1
2015.0,26.442308,1.0,0.0,28.0,1
2015.0,17.094017,0.0,0.0,26.0,1
2015.0,24.402405,0.0,0.0,32.0,1
2015.0,21.153847,1.0,0.0,27.0,1
2015.0,60.096153,1.0,0.0,30.0,1
2015.0,10.0,0.0,0.0,31.0,1
2015.0,24.038462,1.0,0.0,30.0,1
2015.0,16.826923,1.0,0.0,25.0,1
2015.0,13.636364,0.0,0.0,30.0,1
2015.0,8.653846,1.0,1.0,28.0,1
2015.0,23.076923,1.0,1.0,25.0,1
2015.0,16.483517,1.0,1.0,27.0,1
2015.0,27.884615,1.0,1.0,27.0,1
2015.0,50.0,1.0,0.0,29.0,1
2015.0,8.072917,1.0,1.0,27.0,1
2015.0,32.21154,1.0,0.0,29.0,1
2015.0,25.0,1.0,1.0,29.0,1
2015.0,12.019231,0.0,0.0,29.0,1
2015.0,7.2115383,0.0,1.0,30.0,1
2015.0,25.0,1.0,1.0,29.0,1
2015.0,25.0,1.0,1.0,26.0,1
2015.0,26.442308,1.0,1.0,32.0,1
2015.0,14.423077,0.0,1.0,25.0,1
2015.0,48.076923,1.0,0.0,26.0,1
2015.0,14.423077,0.0,0.0,26.0,1
2015.0,19.23077,0.0,0.0,28.0,1
2015.0,15.384615,0.0,0.0,33.0,1
2015.0,47.596153,1.0,1.0,33.0,1
2015.0,7.6923075,0.0,1.0,27.0,1
2015.0,16.826923,0.0,0.0,30.0,1
2015.0,20.458265,1.0,1.0,33.0,1
2015.0,8.05009,1.0,0.0,34.0,1
2015.0,33.653847,0.0,0.0,34.0,1
2015.0,12.206044,1.0,0.0,27.0,1
2015.0,50.0,1.0,0.0,32.0,1
2015.0,18.26923,1.0,1.0,26.0,1
2015.0,9.615385,1.0,0.0,30.0,1
2015.0,7.2115383,1.0,1.0,26.0,1
2015.0,19.23077,0.0,0.0,27.0,1
2015.0,9.615385,0.0,0.0,32.0,1
2015.0,19.23077,1.0,0.0,32.0,1
2015.0,48.076923,1.0,0.0,32.0,1
2015.0,13.247863,1.0,0.0,25.0,1
2015.0,59.82906,1.0,0.0,31.0,1
2015.0,27.64423,1.0,0.0,34.0,1
2015.0,48.076923,1.0,1.0,32.0,1
2015.0,36.057693,1.0,1.0,34.0,1
2015.0,14.903846,0.0,0.0,34.0,1
2015.0,13.221154,0.0,1.0,25.0,1
2015.0,24.038462,1.0,1.0,33.0,1
2015.0,20.877472,1.0,1.0,34.0,1
2015.0,28.846153,1.0,0.0,29.0,1
2015.0,6.0439563,0.0,0.0,25.0,1
2015.0,8.136095,0.0,0.0,26.0,1
2015.0,6.0439563,0.0,0.0,26.0,1
2015.0,48.076923,1.0,1.0,31.0,1
2015.0,23.076923,1.0,0.0,33.0,1
2015.0,26.923077,0.0,0.0,26.0,1
2015.0,7.4786325,0.0,0.0,31.0,1
2015.0,24.038462,1.0,1.0,27.0,1
2015.0,22.115385,1.0,1.0,28.0,1
2015.0,17.628204,1.0,1.0,31.0,1
2015.0,12.980769,0.0,0.0,34.0,1
2015.0,13.942307,0.0,1.0,26.0,1
2015.0,28.846153,1.0,0.0,31.0,1
2015.0,20.65934,1.0,1.0,28.0,1
2015.0,9.615385,1.0,0.0,34.0,1
2015.0,19.23077,1.0,1.0,29.0,1
2015.0,32.307693,1.0,0.0,33.0,1
2015.0,18.26923,1.0,1.0,30.0,1
2015.0,13.943269,0.0,0.0,33.0,1
2015.0,13.461538,0.0,0.0,27.0,1
2015.0,16.31579,1.0,1.0,26.0,1
2015.0,20.512821,0.0,0.0,31.0,1
2015.0,15.934066,0.0,1.0,29.0,1
2015.0,12.019231,1.0,1.0,32.0,1
2015.0,21.634615,1.0,1.0,28.0,1
2015.0,15.182186,1.0,0.0,30.0,1
2015.0,16.586538,0.0,0.0,34.0,1
2015.0,26.442308,1.0,0.0,33.0,1
2015.0,13.675214,0.0,0.0,25.0,1
2015.0,9.75,0.0,0.0,31.0,1
2015.0,33.653847,1.0,0.0,29.0,1
2015.0,7.5,0.0,0.0,30.0,1
2015.0,16.826923,0.0,0.0,30.0,1
2015.0,25.0,1.0,1.0,33.0,1
2015.0,40.59829,1.0,1.0,27.0,1
2015.0,15.224359,1.0,1.0,25.0,1
2015.0,50.0,1.0,0.0,30.0,1
2015.0,29.91453,1.0,0.0,27.0,1
2015.0,7.25,0.0,0.0,34.0,1
2015.0,23.077885,1.0,1.0,34.0,1
2015.0,24.038462,1.0,0.0,29.0,1
2015.0,48.076923,1.0,1.0,28.0,1
2015.0,39.903847,1.0,1.0,34.0,1
2015.0,14.423077,1.0,1.0,28.0,1
2015.0,13.461538,0.0,0.0,30.0,1
2015.0,24.038462,0.0,1.0,30.0,1
2015.0,38.4625,1.0,0.0,25.0,1
2015.0,21.634615,0.0,0.0,25.0,1
2015.0,43.956043,1.0,1.0,29.0,1
2015.0,21.634615,0.0,0.0,33.0,1
2015.0,43.26923,1.0,1.0,34.0,1
2015.0,80.0,1.0,1.0,28.0,1
2015.0,22.115385,0.0,0.0,30.0,1
2015.0,43.26923,1.0,1.0,30.0,1
2015.0,27.777779,1.0,1.0,25.0,1
2015.0,17.482517,1.0,0.0,25.0,1
2015.0,19.23077,1.0,0.0,26.0,1
2015.0,24.038462,1.0,0.0,34.0,1
2015.0,23.461538,1.0,1.0,34.0,1
2015.0,28.846153,1.0,0.0,31.0,1
2015.0,38.46154,1.0,0.0,30.0,1
2015.0,43.26923,1.0,1.0,34.0,1
2015.0,10.0,1.0,0.0,25.0,1
2015.0,44.23077,1.0,0.0,31.0,1
2015.0,19.23077,1.0,0.0,31.0,1
2015.0,53.846153,1.0,0.0,33.0,1
2015.0,26.442308,1.0,1.0,33.0,1
2015.0,27.403847,1.0,0.0,29.0,1
2015.0,14.423077,1.0,0.0,29.0,1
2015.0,9.615385,0.0,1.0,29.0,1
2015.0,17.5,0.0,1.0,29.0,1
2015.0,33.653847,1.0,1.0,25.0,1
2015.0,7.4038463,1.0,1.0,26.0,1
2015.0,24.038462,1.0,0.0,28.0,1
2015.0,22.307692,1.0,0.0,34.0,1
2015.0,86.53846,1.0,0.0,33.0,1
2015.0,16.826923,0.0,0.0,27.0,1
2015.0,25.987526,1.0,1.0,30.0,1
2015.0,16.826923,0.0,1.0,29.0,1
2015.0,30.289423,1.0,0.0,26.0,1
2015.0,27.777779,1.0,1.0,30.0,1
2015.0,12.019231,0.0,1.0,30.0,1
2015.0,4.421376,0.0,1.0,27.0,1
2015.0,23.06805,1.0,1.0,25.0,1
2015.0,24.038462,0.0,0.0,30.0,1
2015.0,7.5,0.0,1.0,32.0,1
2015.0,9.0,0.0,0.0,33.0,1
2015.0,8.5470085,0.0,1.0,25.0,1
2015.0,32.307693,1.0,0.0,33.0,1
2015.0,17.712551,1.0,1.0,32.0,1
2015.0,23.557692,1.0,1.0,28.0,1
2015.0,21.634615,1.0,0.0,27.0,1
2015.0,22.596153,0.0,0.0,29.0,1
2015.0,21.153847,0.0,0.0,29.0,1
2015.0,7.5,1.0,1.0,25.0,1
2015.0,9.615385,1.0,0.0,26.0,1
2015.0,33.653847,1.0,0.0,32.0,1
2015.0,49.216347,1.0,1.0,32.0,1
2015.0,23.557692,1.0,0.0,31.0,1
2015.0,34.615383,1.0,1.0,28.0,1
2015.0,15.0,1.0,1.0,27.0,1
2015.0,13.461538,0.0,0.0,30.0,1
2015.0,19.23077,1.0,0.0,26.0,1
2015.0,38.46154,0.0,0.0,29.0,1
2015.0,33.653847,0.0,0.0,25.0,1
2015.0,52.083332,1.0,0.0,27.0,1
2015.0,7.2115383,1.0,1.0,26.0,1
2015.0,23.785425,1.0,1.0,28.0,1
2015.0,38.46154,1.0,0.0,29.0,1
2015.0,12.019231,1.0,1.0,32.0,1
2015.0,8.173077,0.0,1.0,25.0,1
2015.0,11.538462,1.0,0.0,29.0,1
2015.0,9.230769,1.0,0.0,26.0,1
2015.0,32.307693,1.0,0.0,34.0,1
2015.0,4.8076925,0.0,1.0,26.0,1
2015.0,16.826923,0.0,0.0,30.0,1
2015.0,24.597496,1.0,1.0,30.0,1
2015.0,10.0,0.0,0.0,34.0,1
2015.0,8.84,0.0,0.0,27.0,1
2015.0,28.846153,1.0,0.0,31.0,1
2015.0,14.423077,0.0,0.0,33.0,1
2015.0,19.23077,0.0,0.0,32.0,1
2015.0,14.423077,0.0,1.0,34.0,1
2015.0,8.603239,1.0,0.0,30.0,1
2015.0,19.23077,1.0,0.0,33.0,1
2015.0,9.615385,1.0,0.0,28.0,1
2015.0,14.423077,0.0,1.0,31.0,1
2015.0,31.25,1.0,1.0,31.0,1
2015.0,31.25,1.0,1.0,26.0,1
2015.0,18.637981,1.0,1.0,27.0,1
2015.0,43.26923,1.0,0.0,31.0,1
2015.0,55.76923,1.0,0.0,31.0,1
2015.0,18.26923,0.0,0.0,25.0,1
2015.0,24.038462,1.0,0.0,28.0,1
2015.0,20.27972,1.0,1.0,28.0,1
2015.0,65.789474,1.0,1.0,32.0,1
2015.0,39.56044,1.0,1.0,33.0,1
2015.0,12.5,1.0,1.0,29.0,1
2015.0,31.25,1.0,1.0,29.0,1
2015.0,62.5,0.0,0.0,33.0,1
2015.0,17.5,1.0,0.0,26.0,1
2015.0,14.423077,1.0,0.0,27.0,1
2015.0,38.46154,1.0,0.0,34.0,1
2015.0,50.0,0.0,0.0,28.0,1
2015.0,11.294118,0.0,0.0,32.0,1
2015.0,20.192308,1.0,0.0,31.0,1
2015.0,17.307692,1.0,0.0,25.0,1
2015.0,11.538462,1.0,1.0,30.0,1
2015.0,18.75,0.0,0.0,29.0,1
2015.0,17.788462,1.0,0.0,27.0,1
2015.0,20.192308,1.0,0.0,26.0,1
2015.0,37.5,1.0,0.0,25.0,1
2015.0,19.23077,0.0,0.0,31.0,1
2015.0,24.038462,1.0,0.0,28.0,1
2015.0,12.5,0.0,1.0,27.0,1
2015.0,19.23077,1.0,1.0,25.0,1
2015.0,20.192308,1.0,0.0,31.0,1
2015.0,12.019231,0.0,0.0,31.0,1
2015.0,28.846153,0.0,1.0,28.0,1
2015.0,28.846153,1.0,1.0,28.0,1
2015.0,19.23077,0.0,0.0,26.0,1
2015.0,12.019231,0.0,1.0,33.0,1
2015.0,21.634615,1.0,1.0,28.0,1
2015.0,27.777779,1.0,1.0,26.0,1
2015.0,19.23077,0.0,1.0,28.0,1
2015.0,19.23077,0.0,0.0,26.0,1
2015.0,9.615385,1.0,1.0,25.0,1
2015.0,18.75,0.0,0.0,27.0,1
2015.0,69.44444,1.0,1.0,28.0,1
2015.0,15.659341,1.0,0.0,28.0,1
2015.0,45.240383,1.0,0.0,34.0,1
2015.0,9.615385,0.0,0.0,27.0,1
2015.0,38.46154,1.0,0.0,26.0,1
2015.0,17.307692,1.0,0.0,30.0,1
2015.0,8.653846,0.0,0.0,33.0,1
2015.0,48.076923,1.0,0.0,32.0,1
2015.0,13.461538,0.0,0.0,31.0,1
2015.0,12.222222,0.0,0.0,29.0,1
2015.0,21.978022,1.0,1.0,26.0,1
2015.0,9.615385,0.0,0.0,34.0,1
2015.0,12.980769,1.0,0.0,28.0,1
2015.0,21.634615,0.0,0.0,34.0,1
2015.0,13.461538,0.0,1.0,32.0,1
2015.0,28.846153,0.0,0.0,29.0,1
2015.0,16.346153,0.0,0.0,30.0,1
2015.0,12.020192,0.0,1.0,29.0,1
2015.0,19.23077,0.0,1.0,33.0,1
2015.0,6.2509613,0.0,1.0,29.0,1
2015.0,32.15237,0.0,0.0,32.0,1
2015.0,14.423077,1.0,0.0,25.0,1
2015.0,25.961538,0.0,0.0,26.0,1
2015.0,19.23077,0.0,1.0,25.0,1
2015.0,9.616346,0.0,1.0,26.0,1
2015.0,15.384615,0.0,0.0,27.0,1
2015.0,38.46154,1.0,0.0,31.0,1
2015.0,23.076923,1.0,1.0,28.0,1
2015.0,13.942307,1.0,0.0,29.0,1
2015.0,19.23077,0.0,0.0,34.0,1
2015.0,26.923077,0.0,0.0,26.0,1
2015.0,20.512821,0.0,0.0,31.0,1
2015.0,7.7747254,0.0,0.0,26.0,1
2015.0,14.423077,0.0,0.0,27.0,1
2015.0,12.019231,0.0,1.0,26.0,1
2015.0,11.936339,0.0,0.0,28.0,1
2015.0,16.538462,1.0,0.0,31.0,1
2015.0,10.576923,0.0,1.0,32.0,1
2015.0,17.572115,1.0,0.0,28.0,1
2015.0,13.795986,0.0,0.0,29.0,1
2015.0,15.384615,0.0,0.0,34.0,1
2015.0,30.0,1.0,0.0,34.0,1
2015.0,20.242914,1.0,1.0,33.0,1
2015.0,24.038462,1.0,0.0,26.0,1
2015.0,19.23077,1.0,1.0,26.0,1
2015.0,50.0,1.0,1.0,31.0,1
2015.0,21.634615,0.0,0.0,27.0,1
2015.0,40.865383,1.0,0.0,31.0,1
2015.0,23.461538,1.0,1.0,29.0,1
2015.0,30.048077,1.0,0.0,28.0,1
2015.0,14.529915,0.0,0.0,29.0,1
2015.0,16.826923,1.0,0.0,31.0,1
2015.0,28.076923,0.0,0.0,32.0,1
2015.0,33.653847,0.0,0.0,30.0,1
2015.0,17.307692,0.0,0.0,28.0,1
2015.0,15.0,1.0,1.0,28.0,1
2015.0,25.961538,0.0,0.0,30.0,1
2015.0,19.23077,0.0,0.0,30.0,1
2015.0,25.0,1.0,0.0,34.0,1
2015.0,17.521368,1.0,1.0,33.0,1
2015.0,15.866346,0.0,0.0,29.0,1
2015.0,15.384615,0.0,1.0,25.0,1
2015.0,18.75,0.0,0.0,29.0,1
2015.0,19.23077,0.0,0.0,25.0,1
2015.0,36.98225,1.0,0.0,33.0,1
2015.0,28.846153,0.0,0.0,34.0,1
2015.0,31.25,1.0,1.0,32.0,1
2015.0,29.328846,1.0,1.0,25.0,1
2015.0,5.15625,1.0,0.0,25.0,1
2015.0,19.23077,1.0,1.0,26.0,1
2015.0,25.321154,1.0,0.0,33.0,1
2015.0,21.634615,1.0,0.0,32.0,1
2015.0,20.27972,1.0,0.0,32.0,1
2015.0,20.155325,1.0,0.0,29.0,1
2015.0,12.5,0.0,0.0,34.0,1
2015.0,21.634615,1.0,1.0,34.0,1
2015.0,27.777779,1.0,0.0,33.0,1
2015.0,41.666668,1.0,0.0,33.0,1
2015.0,24.038462,1.0,1.0,31.0,1
2015.0,26.709402,1.0,1.0,28.0,1
2015.0,29.326923,1.0,0.0,29.0,1
2015.0,7.2115383,0.0,0.0,33.0,1
2015.0,25.641026,1.0,1.0,26.0,1
2015.0,12.980769,1.0,0.0,27.0,1
2015.0,33.653847,1.0,1.0,26.0,1
2015.0,32.692307,1.0,0.0,32.0,1
2015.0,26.442308,1.0,0.0,27.0,1
2015.0,15.865385,1.0,1.0,25.0,1
2015.0,13.942307,0.0,0.0,30.0,1
2015.0,23.076923,1.0,0.0,29.0,1
2015.0,22.115385,1.0,1.0,26.0,1
2015.0,18.26923,0.0,0.0,30.0,1
2015.0,10.375824,0.0,1.0,25.0,1
2015.0,11.057693,0.0,0.0,27.0,1
2015.0,28.846153,1.0,0.0,32.0,1
2015.0,22.596153,1.0,0.0,28.0,1
2015.0,26.923077,0.0,0.0,32.0,1
2015.0,23.076923,0.0,0.0,31.0,1
2015.0,36.057693,1.0,1.0,32.0,1
2015.0,8.173077,0.0,1.0,26.0,1
2015.0,18.26923,0.0,0.0,26.0,1
2015.0,16.826923,0.0,1.0,25.0,1
2015.0,39.423077,1.0,1.0,34.0,1
2015.0,13.0,0.0,0.0,26.0,1
2015.0,13.461538,0.0,0.0,29.0,1
2015.0,13.461538,0.0,0.0,29.0,1
2015.0,55.28846,1.0,0.0,32.0,1
2015.0,5.770192,0.0,0.0,33.0,1
2015.0,45.192307,1.0,0.0,32.0,1
2015.0,18.218624,1.0,1.0,32.0,1
2015.0,19.23077,1.0,1.0,34.0,1
2015.0,73.07692,1.0,1.0,34.0,1
2015.0,18.75,1.0,1.0,29.0,1
2015.0,19.23077,1.0,0.0,31.0,1
2015.0,9.615385,0.0,1.0,27.0,1
2015.0,27.884615,1.0,1.0,29.0,1
2015.0,15.384615,0.0,0.0,25.0,1
2015.0,16.826923,1.0,0.0,25.0,1
2015.0,24.038462,1.0,0.0,25.0,1
2015.0,10.144231,0.0,0.0,29.0,1
2015.0,16.02564,1.0,0.0,31.0,1
2015.0,16.02564,0.0,1.0,25.0,1
2015.0,17.307692,1.0,0.0,27.0,1
2015.0,36.057693,1.0,1.0,25.0,1
2015.0,34.615383,1.0,0.0,27.0,1
2015.0,14.423077,0.0,1.0,26.0,1
2015.0,35.096153,1.0,1.0,26.0,1
2015.0,31.19658,1.0,0.0,25.0,1
2015.0,11.538462,1.0,0.0,30.0,1
2015.0,15.384615,1.0,0.0,33.0,1
2015.0,15.384615,0.0,0.0,34.0,1
2015.0,13.736263,0.0,1.0,31.0,1
2015.0,14.423077,0.0,1.0,28.0,1
2015.0,10.384615,0.0,0.0,25.0,1
2015.0,31.19658,1.0,0.0,25.0,1
2015.0,21.634615,0.0,0.0,29.0,1
2015.0,21.634615,0.0,0.0,29.0,1
2015.0,50.0,1.0,1.0,34.0,1
2015.0,24.038462,1.0,0.0,32.0,1
2015.0,5.714286,0.0,0.0,25.0,1
2015.0,20.192308,0.0,1.0,34.0,1
2015.0,31.25,1.0,0.0,32.0,1
2015.0,31.25,1.0,1.0,30.0,1
2015.0,9.615385,1.0,0.0,30.0,1
2015.0,14.423077,0.0,0.0,27.0,1
2015.0,5.4945054,0.0,0.0,33.0,1
2015.0,20.833334,1.0,0.0,25.0,1
2015.0,32.472115,1.0,0.0,27.0,1
2015.0,14.423077,1.0,0.0,25.0,1
2015.0,12.740385,1.0,0.0,32.0,1
2015.0,38.4625,1.0,0.0,27.0,1
2015.0,11.958042,1.0,1.0,25.0,1
2015.0,26.442308,1.0,0.0,27.0,1
2015.0,18.901098,1.0,1.0,29.0,1
2015.0,27.884615,1.0,1.0,25.0,1
2015.0,33.333332,1.0,0.0,29.0,1
2015.0,19.23077,1.0,0.0,32.0,1
2015.0,12.307693,1.0,0.0,28.0,1
2015.0,11.538462,0.0,1.0,32.0,1
2015.0,9.615385,1.0,0.0,25.0,1
2015.0,6.7016315,0.0,0.0,32.0,1
2015.0,26.442308,1.0,1.0,31.0,1
2015.0,25.961538,1.0,1.0,34.0,1
2015.0,9.615385,0.0,1.0,25.0,1
2015.0,17.261906,0.0,1.0,31.0,1
2015.0,37.01923,1.0,0.0,34.0,1
2015.0,10.0,1.0,1.0,29.0,1
2015.0,10.096154,1.0,0.0,26.0,1
2015.0,19.615385,1.0,1.0,26.0,1
2015.0,9.123077,1.0,1.0,28.0,1
2015.0,14.957265,1.0,0.0,30.0,1
2015.0,26.442308,0.0,0.0,31.0,1
2015.0,21.367521,0.0,0.0,34.0,1
2015.0,43.26923,1.0,0.0,34.0,1
2015.0,36.057693,1.0,1.0,32.0,1
2015.0,24.038462,1.0,0.0,27.0,1
2015.0,12.019231,0.0,0.0,32.0,1
2015.0,17.307692,0.0,0.0,33.0,1
2015.0,7.905983,0.0,0.0,26.0,1
2015.0,13.461538,0.0,1.0,33.0,1
2015.0,15.5,0.0,0.0,29.0,1
2015.0,24.038462,0.0,0.0,34.0,1
2015.0,6.4102564,0.0,1.0,34.0,1
2015.0,20.242914,0.0,1.0,33.0,1
2015.0,20.79002,0.0,0.0,34.0,1
2015.0,23.076923,1.0,1.0,32.0,1
2015.0,36.057693,1.0,0.0,30.0,1
2015.0,16.239317,1.0,1.0,31.0,1
2015.0,16.153847,0.0,1.0,30.0,1
2015.0,16.538462,1.0,1.0,29.0,1
2015.0,25.0,1.0,1.0,32.0,1
2015.0,15.587981,1.0,0.0,30.0,1
2015.0,23.026316,1.0,1.0,27.0,1
2015.0,11.538462,0.0,0.0,25.0,1
2015.0,27.64423,0.0,0.0,31.0,1
2015.0,26.442308,0.0,0.0,33.0,1
2015.0,8.576923,0.0,1.0,33.0,1
2015.0,27.604166,0.0,1.0,30.0,1
2015.0,24.038462,0.0,0.0,28.0,1
2015.0,28.846153,0.0,0.0,29.0,1
2015.0,14.423077,0.0,0.0,32.0,1
2015.0,12.019231,0.0,1.0,33.0,1
2015.0,43.26923,0.0,0.0,25.0,1
2015.0,19.807692,0.0,0.0,26.0,1
2015.0,12.019231,0.0,1.0,30.0,1
2015.0,19.23077,0.0,0.0,29.0,1
2015.0,15.769231,0.0,0.0,28.0,1
2015.0,19.23077,0.0,0.0,29.0,1
2015.0,12.5,0.0,0.0,26.0,1
2015.0,9.724519,0.0,0.0,30.0,1
2015.0,11.538462,1.0,1.0,30.0,1
2015.0,9.440559,0.0,1.0,25.0,1
2015.0,13.461538,0.0,0.0,27.0,1
2015.0,38.46154,1.0,0.0,27.0,1
2015.0,19.711538,0.0,0.0,29.0,1
2015.0,10.576923,0.0,1.0,27.0,1
2015.0,11.0,0.0,0.0,27.0,1
2015.0,21.367521,1.0,0.0,31.0,1
2015.0,14.758497,0.0,0.0,31.0,1
2015.0,23.351648,0.0,0.0,34.0,1
2015.0,11.057693,0.0,1.0,30.0,1
2015.0,12.980769,0.0,0.0,31.0,1
2015.0,17.307692,0.0,1.0,33.0,1
2015.0,9.615385,0.0,1.0,28.0,1
2015.0,17.067308,0.0,0.0,25.0,1
2015.0,14.375,0.0,0.0,32.0,1
2015.0,19.23077,0.0,0.0,34.0,1
2015.0,16.826923,0.0,0.0,31.0,1
2015.0,15.384615,0.0,0.0,32.0,1
2015.0,24.725275,0.0,0.0,27.0,1
2015.0,11.538462,1.0,1.0,32.0,1
2015.0,13.461538,1.0,1.0,25.0,1
2015.0,27.534966,0.0,0.0,25.0,1
2015.0,13.943269,0.0,0.0,25.0,1
2015.0,7.591093,0.0,1.0,25.0,1
2015.0,23.4375,0.0,0.0,32.0,1
2015.0,17.307692,1.0,1.0,33.0,1
2015.0,20.0,0.0,0.0,28.0,1
2015.0,11.498398,0.0,0.0,30.0,1
2015.0,8.0,0.0,1.0,31.0,1
2015.0,6.25,0.0,0.0,34.0,1
2015.0,41.826923,1.0,1.0,29.0,1
2015.0,5.4945054,0.0,1.0,34.0,1
2015.0,24.038462,0.0,0.0,28.0,1
2015.0,9.615385,1.0,0.0,25.0,1
2015.0,17.094017,1.0,1.0,31.0,1
2015.0,16.826923,1.0,0.0,34.0,1
2015.0,28.846153,0.0,0.0,34.0,1
2015.0,10.5,0.0,0.0,26.0,1
2015.0,19.23077,1.0,0.0,26.0,1
2015.0,12.5,0.0,0.0,32.0,1
2015.0,11.298077,0.0,0.0,26.0,1
2015.0,8.173077,1.0,0.0,25.0,1
2015.0,20.19327,1.0,0.0,34.0,1
2015.0,15.384615,0.0,1.0,26.0,1
2015.0,21.634615,0.0,0.0,34.0,1
2015.0,11.094674,1.0,1.0,25.0,1
2015.0,52.884617,1.0,0.0,34.0,1
2015.0,4.8076925,1.0,1.0,26.0,1
2015.0,16.826923,0.0,0.0,27.0,1
2015.0,9.615385,0.0,1.0,29.0,1
2015.0,21.634615,1.0,1.0,30.0,1
2015.0,16.826923,0.0,0.0,32.0,1
2015.0,9.615385,0.0,1.0,30.0,1
2015.0,40.865383,1.0,0.0,31.0,1
2015.0,26.627218,1.0,0.0,34.0,1
2015.0,19.23077,1.0,0.0,30.0,1
2015.0,19.23077,0.0,0.0,29.0,1
2015.0,10.576923,0.0,0.0,33.0,1
2015.0,19.23077,0.0,0.0,30.0,1
2015.0,28.846153,1.0,0.0,27.0,1
2015.0,24.51923,1.0,0.0,33.0,1
2015.0,24.038462,1.0,0.0,32.0,1
2015.0,24.572649,1.0,1.0,25.0,1
2015.0,15.625,0.0,0.0,32.0,1
2015.0,5.4945054,0.0,0.0,31.0,1
2015.0,9.538462,1.0,0.0,31.0,1
2015.0,15.384615,1.0,0.0,27.0,1
2015.0,16.346153,1.0,1.0,33.0,1
2015.0,20.414202,0.0,0.0,28.0,1
2015.0,24.038462,0.0,1.0,29.0,1
2015.0,14.423077,1.0,1.0,28.0,1
2015.0,13.5,0.0,0.0,34.0,1
2015.0,40.17094,1.0,0.0,32.0,1
2015.0,24.038462,1.0,1.0,30.0,1
2015.0,14.835165,0.0,1.0,30.0,1
2015.0,29.91453,1.0,0.0,32.0,1
2015.0,25.641026,0.0,1.0,30.0,1
2015.0,21.634615,1.0,0.0,30.0,1
2015.0,12.2863245,0.0,1.0,29.0,1
2015.0,9.615385,0.0,0.0,28.0,1
2015.0,15.865385,1.0,0.0,26.0,1
2015.0,7.2115383,0.0,0.0,30.0,1
2015.0,23.469387,0.0,0.0,29.0,1
2015.0,19.23077,1.0,1.0,27.0,1
2015.0,23.076923,1.0,1.0,30.0,1
2015.0,20.192308,1.0,0.0,30.0,1
2015.0,13.9096155,1.0,1.0,28.0,1
2015.0,33.653847,0.0,1.0,31.0,1
2015.0,22.035257,0.0,0.0,34.0,1
2015.0,23.076923,0.0,0.0,32.0,1
2015.0,57.692307,1.0,0.0,34.0,1
2015.0,26.442308,1.0,0.0,27.0,1
2015.0,16.826923,0.0,0.0,32.0,1
2015.0,12.019231,0.0,0.0,25.0,1
2015.0,20.432692,1.0,1.0,28.0,1
2015.0,19.23077,0.0,1.0,33.0,1
2015.0,8.241758,0.0,0.0,32.0,1
2015.0,10.989011,0.0,1.0,30.0,1
2015.0,32.905983,1.0,1.0,32.0,1
2015.0,32.679737,1.0,0.0,27.0,1
2015.0,16.826923,1.0,1.0,26.0,1
2015.0,28.8,1.0,0.0,28.0,1
2015.0,34.615383,1.0,1.0,29.0,1
2015.0,39.473682,1.0,0.0,34.0,1
2015.0,16.346153,1.0,1.0,28.0,1
2015.0,29.807692,1.0,1.0,26.0,1
2015.0,13.461538,0.0,0.0,30.0,1
2015.0,22.727272,1.0,0.0,31.0,1
2015.0,21.153847,1.0,1.0,26.0,1
2015.0,18.681318,1.0,1.0,32.0,1
2015.0,13.736263,0.0,0.0,30.0,1
2015.0,14.423077,0.0,1.0,31.0,1
2015.0,10.989011,0.0,0.0,30.0,1
2015.0,11.923077,0.0,0.0,30.0,1
2015.0,26.442308,1.0,0.0,28.0,1
2015.0,15.385097,1.0,1.0,27.0,1
2015.0,11.057693,0.0,0.0,33.0,1
2015.0,12.019231,0.0,1.0,29.0,1
2015.0,8.01282,1.0,0.0,28.0,1
2015.0,9.615385,0.0,1.0,27.0,1
2015.0,16.826923,0.0,0.0,27.0,1
2015.0,15.593645,0.0,0.0,29.0,1
2015.0,12.019231,1.0,1.0,29.0,1
2015.0,12.019231,0.0,1.0,30.0,1
2015.0,10.989011,0.0,0.0,26.0,1
2015.0,12.5,0.0,0.0,32.0,1
2015.0,25.0,1.0,0.0,32.0,1
2015.0,26.627218,1.0,0.0,29.0,1
2015.0,19.23077,1.0,1.0,25.0,1
2015.0,19.954649,1.0,0.0,27.0,1
2015.0,14.423077,0.0,1.0,33.0,1
2015.0,31.640297,1.0,0.0,32.0,1
2015.0,14.423077,0.0,1.0,27.0,1
2015.0,24.444445,0.0,0.0,25.0,1
2015.0,14.423077,0.0,1.0,28.0,1
2015.0,15.384615,1.0,0.0,26.0,1
2015.0,16.826923,0.0,0.0,29.0,1
2015.0,33.653847,1.0,0.0,27.0,1
2015.0,21.634615,1.0,0.0,29.0,1
2015.0,16.482517,0.0,0.0,32.0,1
2015.0,19.23077,0.0,0.0,34.0,1
2015.0,12.019231,0.0,1.0,31.0,1
2015.0,13.888889,0.0,1.0,29.0,1
2015.0,14.903846,1.0,1.0,32.0,1
2015.0,14.957265,0.0,0.0,30.0,1
2015.0,31.346153,0.0,1.0,27.0,1
2015.0,7.2115383,0.0,1.0,25.0,1
2015.0,17.1875,1.0,1.0,29.0,1
2015.0,51.442307,1.0,1.0,31.0,1
2015.0,37.15035,0.0,0.0,32.0,1
2015.0,14.423077,0.0,1.0,27.0,1
2015.0,12.5,0.0,0.0,29.0,1
2015.0,21.666666,1.0,1.0,26.0,1
2015.0,9.803922,0.0,1.0,33.0,1
2015.0,16.826923,0.0,1.0,30.0,1
2015.0,12.019231,0.0,0.0,29.0,1
2015.0,9.615385,0.0,1.0,32.0,1
2015.0,25.961538,0.0,0.0,30.0,1
2015.0,21.634615,0.0,0.0,28.0,1
2015.0,16.826923,0.0,1.0,31.0,1
2015.0,17.788462,0.0,0.0,26.0,1
2015.0,18.990385,1.0,1.0,27.0,1
2015.0,57.692307,0.0,0.0,32.0,1
2015.0,13.313609,1.0,1.0,32.0,1
2015.0,20.673077,0.0,0.0,29.0,1
2015.0,12.5,0.0,1.0,26.0,1
2015.0,11.538462,0.0,1.0,30.0,1
2015.0,10.096154,0.0,0.0,31.0,1
2015.0,29.038462,0.0,0.0,31.0,1
2015.0,16.826923,1.0,1.0,31.0,1
2015.0,12.0,0.0,0.0,34.0,1
2015.0,21.367521,1.0,1.0,33.0,1
2015.0,15.182186,1.0,1.0,34.0,1
2015.0,9.615385,0.0,0.0,33.0,1
2015.0,27.403847,1.0,0.0,29.0,1
2015.0,15.865385,1.0,1.0,27.0,1
2015.0,12.5,0.0,0.0,31.0,1
2015.0,17.307692,1.0,0.0,32.0,1
2015.0,18.75,0.0,1.0,28.0,1
2015.0,10.989011,0.0,0.0,29.0,1
2015.0,3.5714285,0.0,0.0,27.0,1
2015.0,13.461538,1.0,0.0,29.0,1
2015.0,10.256411,0.0,0.0,29.0,1
2015.0,15.384615,0.0,1.0,29.0,1
2015.0,30.288462,0.0,1.0,34.0,1
2015.0,21.634615,1.0,1.0,30.0,1
2015.0,9.134615,0.0,1.0,30.0,1
2015.0,17.617094,1.0,1.0,33.0,1
2015.0,6.25,0.0,1.0,32.0,1
2015.0,13.461538,0.0,0.0,31.0,1
2015.0,12.019231,0.0,0.0,30.0,1
2015.0,11.599511,0.0,0.0,29.0,1
2015.0,6.730769,0.0,0.0,29.0,1
2015.0,18.26923,0.0,0.0,29.0,1
2015.0,8.653846,0.0,1.0,28.0,1
2015.0,19.23077,1.0,1.0,27.0,1
2015.0,26.923077,1.0,0.0,30.0,1
2015.0,37.01923,1.0,1.0,29.0,1
2015.0,21.634615,0.0,0.0,34.0,1
2015.0,24.038462,0.0,0.0,30.0,1
2015.0,12.019231,0.0,1.0,25.0,1
2015.0,25.641026,0.0,0.0,34.0,1
2015.0,7.6923075,0.0,0.0,30.0,1
2015.0,29.23077,1.0,0.0,34.0,1
2015.0,22.75641,1.0,0.0,29.0,1
2015.0,22.115385,1.0,1.0,28.0,1
2015.0,21.634615,1.0,1.0,25.0,1
2015.0,11.394231,1.0,1.0,25.0,1
2015.0,48.076923,1.0,1.0,31.0,1
2015.0,24.038462,0.0,0.0,31.0,1
2015.0,20.192308,1.0,1.0,34.0,1
2015.0,40.865383,1.0,0.0,30.0,1
2015.0,18.75,0.0,0.0,28.0,1
2015.0,25.0,1.0,0.0,31.0,1
2015.0,19.23077,1.0,1.0,34.0,1
2015.0,28.846153,0.0,1.0,34.0,1
2015.0,18.26923,0.0,0.0,34.0,1
2015.0,41.666668,1.0,0.0,25.0,1
2015.0,15.384615,0.0,1.0,34.0,1
2015.0,19.23077,0.0,0.0,34.0,1
2015.0,27.350428,1.0,0.0,30.0,1
2015.0,18.26923,1.0,1.0,27.0,1
2015.0,16.826923,1.0,0.0,28.0,1
2015.0,43.26923,1.0,0.0,29.0,1
2015.0,18.75,0.0,1.0,30.0,1
2015.0,29.91453,1.0,0.0,27.0,1
2015.0,26.442308,1.0,0.0,30.0,1
2015.0,20.673077,1.0,1.0,31.0,1
2015.0,8.333333,0.0,0.0,29.0,1
2015.0,20.673077,1.0,1.0,25.0,1
2015.0,15.384615,1.0,0.0,27.0,1
2015.0,21.634615,0.0,0.0,32.0,1
2015.0,20.066889,1.0,0.0,34.0,1
2015.0,12.019231,1.0,1.0,28.0,1
2015.0,18.26923,0.0,0.0,33.0,1
2015.0,27.777779,1.0,1.0,34.0,1
2015.0,6.25,0.0,0.0,26.0,1
2015.0,52.0,1.0,1.0,34.0,1
2015.0,33.653847,1.0,0.0,30.0,1
2015.0,12.5,0.0,0.0,28.0,1
2015.0,12.5,0.0,0.0,27.0,1
2015.0,22.802198,0.0,0.0,32.0,1
2015.0,26.442308,0.0,0.0,32.0,1
2015.0,21.794872,0.0,1.0,33.0,1
2015.0,14.423077,0.0,0.0,29.0,1
2015.0,16.346153,0.0,0.0,25.0,1
2015.0,48.076923,1.0,0.0,33.0,1
2015.0,33.173077,1.0,1.0,28.0,1
2015.0,21.678322,1.0,0.0,31.0,1
2015.0,8.5470085,0.0,1.0,31.0,1
2015.0,16.826923,0.0,0.0,31.0,1
2015.0,19.23077,1.0,1.0,28.0,1
2015.0,37.5,1.0,0.0,29.0,1
2015.0,25.641026,1.0,0.0,34.0,1
2015.0,10.096154,0.0,1.0,34.0,1
2015.0,19.23077,0.0,0.0,32.0,1
2015.0,20.673077,1.0,0.0,32.0,1
2015.0,22.115385,0.0,0.0,30.0,1
2015.0,10.0,1.0,0.0,33.0,1
2015.0,14.423077,1.0,0.0,25.0,1
2015.0,31.25,0.0,0.0,32.0,1
2015.0,16.826923,0.0,1.0,32.0,1
2015.0,21.634615,0.0,1.0,25.0,1
2015.0,26.923077,1.0,0.0,26.0,1
2015.0,26.442308,1.0,0.0,33.0,1
2015.0,12.5,0.0,0.0,27.0,1
2015.0,10.0,0.0,1.0,30.0,1
2015.0,13.265306,0.0,1.0,33.0,1
2015.0,10.0,0.0,0.0,27.0,1
2015.0,19.23077,0.0,0.0,30.0,1
2015.0,17.094017,1.0,1.0,26.0,1
2015.0,10.121457,0.0,0.0,30.0,1
2015.0,10.576923,0.0,1.0,29.0,1
2015.0,14.423077,0.0,0.0,34.0,1
2015.0,13.736263,0.0,0.0,30.0,1
2015.0,17.788462,0.0,1.0,28.0,1
2015.0,14.792899,0.0,0.0,26.0,1
2015.0,20.202564,1.0,0.0,32.0,1
2015.0,12.5,0.0,0.0,25.0,1
2015.0,23.076923,0.0,0.0,25.0,1
2015.0,18.191269,1.0,0.0,32.0,1
2015.0,19.23077,0.0,0.0,28.0,1
2015.0,21.634615,1.0,0.0,28.0,1
2015.0,23.351648,1.0,0.0,30.0,1
2015.0,12.980769,1.0,1.0,28.0,1
2015.0,17.307692,1.0,0.0,30.0,1
2015.0,20.673077,1.0,1.0,30.0,1
2015.0,17.788462,1.0,0.0,30.0,1
2015.0,28.846153,1.0,1.0,33.0,1
2015.0,22.115385,1.0,0.0,32.0,1
2015.0,18.26923,1.0,1.0,25.0,1
2015.0,33.653847,1.0,0.0,27.0,1
2015.0,10.897436,1.0,1.0,28.0,1
2015.0,20.979021,1.0,1.0,32.0,1
2015.0,21.634615,1.0,1.0,27.0,1
2015.0,13.111888,1.0,0.0,29.0,1
2015.0,23.669378,1.0,0.0,31.0,1
2015.0,17.094017,1.0,1.0,31.0,1
2015.0,20.512821,1.0,1.0,25.0,1
2015.0,13.675214,1.0,1.0,27.0,1
2015.0,29.807692,1.0,1.0,29.0,1
2015.0,26.923077,1.0,0.0,29.0,1
2015.0,20.833334,1.0,0.0,25.0,1
2015.0,24.038462,1.0,0.0,25.0,1
2015.0,14.022436,0.0,0.0,34.0,1
2015.0,5.769231,0.0,1.0,30.0,1
2015.0,28.846153,1.0,0.0,33.0,1
2015.0,43.26923,1.0,1.0,31.0,1
2015.0,9.615385,1.0,0.0,28.0,1
2015.0,43.26923,0.0,0.0,29.0,1
2015.0,26.923077,1.0,1.0,33.0,1
2015.0,21.153847,1.0,0.0,27.0,1
2015.0,41.666668,1.0,0.0,32.0,1
2015.0,33.653847,1.0,0.0,33.0,1
2015.0,26.442308,1.0,0.0,32.0,1
2015.0,31.25,1.0,1.0,31.0,1
2015.0,24.038462,1.0,0.0,31.0,1
2015.0,27.24359,1.0,0.0,28.0,1
2015.0,44.23077,1.0,1.0,29.0,1
2015.0,34.188034,1.0,1.0,30.0,1
2015.0,11.094674,1.0,1.0,28.0,1
2015.0,38.46154,1.0,0.0,29.0,1
2015.0,26.442308,1.0,1.0,28.0,1
2015.0,15.384615,0.0,0.0,30.0,1
2015.0,16.826923,1.0,0.0,28.0,1
2015.0,32.307693,1.0,0.0,28.0,1
2015.0,16.02564,1.0,0.0,28.0,1
2015.0,25.0,0.0,0.0,33.0,1
2015.0,25.0,1.0,1.0,28.0,1
2015.0,15.384615,0.0,1.0,29.0,1
2015.0,41.666668,1.0,1.0,29.0,1
2015.0,21.367521,1.0,1.0,27.0,1
2015.0,52.44755,1.0,0.0,27.0,1
2015.0,12.5,0.0,0.0,29.0,1
2015.0,26.923077,1.0,0.0,28.0,1
2015.0,19.23077,1.0,1.0,27.0,1
2015.0,28.846153,0.0,0.0,29.0,1
2015.0,10.164835,1.0,1.0,31.0,1
2015.0,32.05128,1.0,1.0,31.0,1
2015.0,14.423077,1.0,0.0,33.0,1
2015.0,16.826923,0.0,0.0,32.0,1
2015.0,40.384617,1.0,0.0,31.0,1
2015.0,10.576923,0.0,0.0,32.0,1
2015.0,19.23077,1.0,0.0,28.0,1
2015.0,19.23077,1.0,1.0,27.0,1
2015.0,19.23077,0.0,0.0,30.0,1
2015.0,19.23077,1.0,1.0,29.0,1
2015.0,6.730769,1.0,1.0,29.0,1
2015.0,19.23077,1.0,0.0,27.0,1
2015.0,26.556776,1.0,1.0,34.0,1
2015.0,41.53846,1.0,0.0,32.0,1
2015.0,25.0,0.0,0.0,28.0,1
2015.0,13.157895,1.0,1.0,32.0,1
2015.0,26.442308,1.0,0.0,27.0,1
2015.0,32.451923,1.0,1.0,32.0,1
2015.0,28.846153,1.0,0.0,32.0,1
2015.0,20.673077,1.0,1.0,33.0,1
2015.0,25.0,1.0,0.0,31.0,1
2015.0,4.421376,0.0,1.0,25.0,1
2015.0,15.384615,0.0,0.0,29.0,1
2015.0,38.46154,1.0,0.0,34.0,1
2015.0,16.483517,0.0,0.0,32.0,1
2015.0,19.711538,0.0,0.0,27.0,1
2015.0,50.48077,1.0,0.0,34.0,1
2015.0,27.403847,1.0,1.0,25.0,1
2015.0,8.0,0.0,0.0,32.0,1
2015.0,19.23077,0.0,0.0,34.0,1
2015.0,10.302197,0.0,0.0,32.0,1
2015.0,11.538462,0.0,0.0,25.0,1
2015.0,40.17094,1.0,0.0,31.0,1
2015.0,19.23077,1.0,1.0,32.0,1
2015.0,19.23077,0.0,0.0,34.0,1
2015.0,13.461538,0.0,1.0,34.0,1
2015.0,12.019231,0.0,0.0,34.0,1
2015.0,38.46154,1.0,0.0,34.0,1
2015.0,40.865383,1.0,1.0,33.0,1
2015.0,19.23077,1.0,0.0,34.0,1
2015.0,16.826923,1.0,1.0,26.0,1
2015.0,12.019231,0.0,1.0,26.0,1
2015.0,17.788462,0.0,1.0,32.0,1
2015.0,30.76923,1.0,0.0,33.0,1
2015.0,48.076923,1.0,1.0,32.0,1
2015.0,15.59829,1.0,0.0,31.0,1
2015.0,91.34615,1.0,0.0,32.0,1
2015.0,6.25,0.0,0.0,29.0,1
2015.0,22.5,1.0,0.0,34.0,1
2015.0,8.653846,0.0,0.0,26.0,1
2015.0,5.769231,0.0,1.0,27.0,1
2015.0,19.23077,0.0,0.0,32.0,1
2015.0,16.0,0.0,0.0,28.0,1
2015.0,34.188034,1.0,0.0,31.0,1
2015.0,52.44755,1.0,0.0,31.0,1
2015.0,43.26923,1.0,0.0,29.0,1
2015.0,30.76923,1.0,1.0,29.0,1
2015.0,33.653847,1.0,1.0,34.0,1
2015.0,18.75,0.0,1.0,33.0,1
2015.0,8.01282,0.0,1.0,27.0,1
2015.0,19.23077,0.0,0.0,25.0,1
2015.0,10.6508875,1.0,1.0,33.0,1
2015.0,16.826923,1.0,0.0,26.0,1
2015.0,29.91453,1.0,1.0,31.0,1
2015.0,14.423077,1.0,1.0,31.0,1
2015.0,11.96793,1.0,0.0,25.0,1
2015.0,24.038462,1.0,0.0,34.0,1
2015.0,21.233974,1.0,0.0,29.0,1
2015.0,23.076923,1.0,1.0,29.0,1
2015.0,31.25,1.0,0.0,34.0,1
2015.0,10.788462,1.0,1.0,31.0,1
2015.0,32.388664,1.0,0.0,26.0,1
2015.0,21.634615,1.0,1.0,29.0,1
2015.0,38.46154,1.0,0.0,29.0,1
2015.0,13.221154,0.0,0.0,30.0,1
2015.0,12.3626375,0.0,1.0,30.0,1
2015.0,24.038462,0.0,0.0,29.0,1
2015.0,21.634615,1.0,0.0,32.0,1
2015.0,21.634615,1.0,1.0,31.0,1
2015.0,74.78632,1.0,0.0,26.0,1
2015.0,12.019231,0.0,1.0,26.0,1
2015.0,9.615385,0.0,1.0,34.0,1
2015.0,24.038462,0.0,0.0,33.0,1
2015.0,16.346153,0.0,1.0,33.0,1
2015.0,11.057693,0.0,0.0,32.0,1
2015.0,22.115385,0.0,0.0,33.0,1
2015.0,25.0,0.0,0.0,33.0,1
2015.0,26.442308,1.0,0.0,33.0,1
2015.0,17.032967,0.0,1.0,28.0,1
2015.0,20.242914,1.0,1.0,32.0,1
2015.0,22.002403,1.0,1.0,31.0,1
2015.0,9.615385,0.0,0.0,34.0,1
2015.0,12.019231,0.0,0.0,30.0,1
2015.0,20.673077,1.0,1.0,30.0,1
2015.0,14.423077,1.0,1.0,33.0,1
2015.0,24.038462,0.0,1.0,34.0,1
2015.0,15.384615,0.0,0.0,30.0,1
2015.0,14.423077,0.0,0.0,27.0,1
2015.0,19.23077,1.0,1.0,31.0,1
2015.0,15.384615,1.0,1.0,31.0,1
2015.0,31.25,1.0,0.0,27.0,1
2015.0,24.51923,1.0,0.0,27.0,1
2015.0,40.384617,1.0,0.0,29.0,1
2015.0,24.51923,1.0,0.0,32.0,1
2015.0,29.91453,0.0,0.0,34.0,1
2015.0,18.910257,0.0,0.0,34.0,1
2015.0,26.442308,1.0,0.0,31.0,1
2015.0,12.237762,1.0,0.0,31.0,1
2015.0,39.615383,0.0,0.0,33.0,1
2015.0,32.05128,1.0,0.0,29.0,1
2015.0,14.423077,0.0,1.0,34.0,1
2015.0,28.846153,1.0,0.0,25.0,1
2015.0,21.634615,0.0,0.0,29.0,1
2015.0,12.087913,0.0,1.0,28.0,1
2015.0,11.538462,0.0,1.0,31.0,1
2015.0,18.75,1.0,1.0,34.0,1
2015.0,19.23077,1.0,1.0,33.0,1
2015.0,38.942307,1.0,0.0,30.0,1
2015.0,30.76923,1.0,0.0,31.0,1
2015.0,14.0625,0.0,0.0,30.0,1
2015.0,24.038462,1.0,1.0,31.0,1
2015.0,12.019231,0.0,0.0,27.0,1
2015.0,16.826923,1.0,0.0,26.0,1
2015.0,19.23077,1.0,0.0,29.0,1
2015.0,19.23077,1.0,0.0,26.0,1
2015.0,19.23077,0.0,0.0,32.0,1
2015.0,9.615385,0.0,1.0,27.0,1
2015.0,18.666666,1.0,0.0,29.0,1
2015.0,6.2509613,0.0,1.0,25.0,1
2015.0,7.2115383,0.0,1.0,26.0,1
2015.0,28.365385,1.0,1.0,26.0,1
2015.0,16.826923,0.0,0.0,30.0,1
2015.0,11.0,0.0,0.0,30.0,1
2015.0,9.615385,0.0,1.0,26.0,1
2015.0,30.76923,1.0,0.0,32.0,1
2015.0,16.153847,0.0,0.0,32.0,1
2015.0,14.676113,0.0,1.0,34.0,1
2015.0,48.076923,0.0,1.0,32.0,1
2015.0,13.461538,0.0,0.0,30.0,1
2015.0,14.285714,0.0,0.0,32.0,1
2015.0,23.076923,1.0,1.0,27.0,1
2015.0,24.038462,1.0,1.0,32.0,1
2015.0,15.384615,0.0,0.0,32.0,1
2015.0,19.23077,1.0,1.0,33.0,1
2015.0,8.990385,0.0,1.0,33.0,1
2015.0,14.182693,1.0,1.0,28.0,1
2015.0,12.5,1.0,0.0,26.0,1
2015.0,8.333333,0.0,1.0,27.0,1
2015.0,36.057693,1.0,1.0,34.0,1
2015.0,16.483517,0.0,1.0,28.0,1
2015.0,7.6923075,1.0,0.0,28.0,1
2015.0,19.711538,0.0,0.0,28.0,1
2015.0,9.134615,1.0,1.0,30.0,1
2015.0,13.942307,1.0,0.0,31.0,1
2015.0,22.5,1.0,1.0,30.0,1
2015.0,21.634615,0.0,0.0,25.0,1
2015.0,11.965812,0.0,0.0,27.0,1
2015.0,12.5,0.0,1.0,32.0,1
2015.0,11.538462,0.0,1.0,33.0,1
2015.0,20.192308,1.0,0.0,32.0,1
2015.0,9.615385,1.0,0.0,32.0,1
2015.0,15.705129,0.0,1.0,26.0,1
2015.0,12.019231,0.0,0.0,28.0,1
2015.0,8.241758,0.0,1.0,33.0,1
2015.0,18.26923,0.0,0.0,25.0,1
2015.0,31.46853,0.0,0.0,33.0,1
2015.0,14.423077,0.0,1.0,31.0,1
2015.0,10.576923,0.0,1.0,33.0,1
2015.0,23.798077,1.0,0.0,31.0,1
2015.0,9.935898,1.0,0.0,26.0,1
2015.0,23.076923,1.0,1.0,31.0,1
2015.0,28.846153,1.0,1.0,25.0,1
2015.0,25.48077,1.0,1.0,26.0,1
2015.0,34.615383,1.0,0.0,34.0,1
2015.0,18.81271,1.0,1.0,25.0,1
2015.0,16.826923,1.0,1.0,25.0,1
2015.0,34.615383,1.0,1.0,27.0,1
2015.0,20.192308,1.0,0.0,29.0,1
2015.0,10.683761,0.0,0.0,34.0,1
2015.0,39.529915,1.0,1.0,33.0,1
2015.0,22.5,0.0,0.0,29.0,1
2015.0,12.087913,1.0,1.0,28.0,1
2015.0,9.615385,0.0,0.0,27.0,1
2015.0,23.076923,1.0,0.0,31.0,1
2015.0,16.02564,0.0,1.0,28.0,1
2015.0,35.576923,1.0,0.0,29.0,1
2015.0,21.386288,1.0,0.0,26.0,1
2015.0,21.367521,1.0,1.0,28.0,1
2015.0,20.08547,0.0,1.0,30.0,1
2015.0,15.453297,0.0,0.0,28.0,1
2015.0,19.23077,1.0,1.0,30.0,1
2015.0,21.634615,1.0,0.0,31.0,1
2015.0,42.78846,1.0,0.0,32.0,1
2015.0,26.442308,1.0,1.0,30.0,1
2015.0,34.615383,1.0,0.0,34.0,1
2015.0,26.442308,1.0,1.0,26.0,1
2015.0,24.0,1.0,0.0,30.0,1
2015.0,26.442308,1.0,1.0,26.0,1
2015.0,20.673077,1.0,1.0,33.0,1
2015.0,32.05128,1.0,0.0,32.0,1
2015.0,60.096153,1.0,1.0,31.0,1
2015.0,13.461538,0.0,1.0,32.0,1
2015.0,8.741259,0.0,0.0,26.0,1
2015.0,24.572649,1.0,1.0,31.0,1
2015.0,26.373627,1.0,1.0,27.0,1
2015.0,28.8,1.0,0.0,29.0,1
2015.0,23.076923,1.0,1.0,30.0,1
2015.0,28.846153,1.0,0.0,31.0,1
2015.0,43.75,1.0,1.0,28.0,1
2015.0,20.242914,0.0,0.0,27.0,1
2015.0,13.066667,0.0,0.0,34.0,1
2015.0,9.35551,0.0,0.0,28.0,1
2015.0,23.557692,0.0,0.0,29.0,1
2015.0,9.615385,0.0,1.0,30.0,1
2015.0,8.173077,0.0,1.0,33.0,1
2015.0,24.948025,0.0,0.0,25.0,1
2015.0,10.302197,0.0,0.0,25.0,1
2015.0,24.037981,1.0,1.0,25.0,1
2015.0,13.461538,0.0,0.0,34.0,1
2015.0,23.557692,1.0,0.0,29.0,1
2015.0,12.062937,1.0,0.0,26.0,1
2015.0,17.788462,0.0,1.0,30.0,1
2015.0,14.903846,0.0,0.0,26.0,1
2015.0,14.857142,1.0,1.0,30.0,1
2015.0,12.019231,1.0,1.0,32.0,1
2015.0,21.5,0.0,1.0,28.0,1
2015.0,12.019231,0.0,0.0,34.0,1
2015.0,12.019231,0.0,1.0,33.0,1
2015.0,16.826923,1.0,1.0,29.0,1
2015.0,21.367521,1.0,1.0,25.0,1
2015.0,22.527473,0.0,0.0,28.0,1
2015.0,8.653846,0.0,1.0,34.0,1
2015.0,8.653846,0.0,0.0,29.0,1
2015.0,44.231537,1.0,0.0,25.0,1
2015.0,7.1440477,0.0,0.0,26.0,1
2015.0,24.23077,0.0,0.0,33.0,1
2015.0,16.02564,0.0,1.0,29.0,1
2015.0,24.786325,1.0,0.0,32.0,1
2015.0,18.910257,0.0,0.0,33.0,1
2015.0,14.903846,0.0,1.0,29.0,1
2015.0,14.743589,0.0,0.0,30.0,1
2015.0,12.019231,0.0,1.0,29.0,1
2015.0,12.820513,0.0,0.0,33.0,1
2015.0,27.884615,0.0,0.0,34.0,1
2015.0,28.846153,1.0,0.0,31.0,1
2015.0,14.230769,1.0,1.0,32.0,1
2015.0,19.23077,1.0,0.0,30.0,1
2015.0,26.923077,1.0,0.0,32.0,1
2015.0,17.307692,1.0,1.0,31.0,1
2015.0,11.0,0.0,0.0,31.0,1
2015.0,14.182693,1.0,1.0,27.0,1
2015.0,33.653847,1.0,0.0,28.0,1
2015.0,24.038462,0.0,0.0,30.0,1
2015.0,11.75,0.0,0.0,31.0,1
2015.0,41.666668,1.0,1.0,25.0,1
2015.0,14.423077,1.0,0.0,30.0,1
2015.0,17.629274,0.0,1.0,31.0,1
2015.0,12.019231,0.0,1.0,25.0,1
2015.0,31.185032,1.0,0.0,33.0,1
2015.0,14.641608,1.0,1.0,25.0,1
2015.0,9.615385,0.0,0.0,26.0,1
2015.0,10.5,0.0,0.0,26.0,1
2015.0,7.2115383,0.0,0.0,34.0,1
2015.0,13.243243,0.0,0.0,33.0,1
2015.0,7.2115383,1.0,1.0,27.0,1
2015.0,17.307692,0.0,0.0,29.0,1
2015.0,26.442308,1.0,1.0,32.0,1
2015.0,33.653847,1.0,1.0,27.0,1
2015.0,8.741259,0.0,0.0,27.0,1
2015.0,24.038462,1.0,0.0,33.0,1
2015.0,41.826923,1.0,0.0,27.0,1
2015.0,14.430021,0.0,1.0,29.0,1
2015.0,20.014423,0.0,0.0,27.0,1
2015.0,5.0,0.0,0.0,31.0,1
2015.0,10.0,0.0,0.0,34.0,1
2015.0,15.009381,0.0,1.0,30.0,1
2015.0,13.020833,0.0,0.0,26.0,1
2015.0,15.865385,0.0,0.0,31.0,1
2015.0,26.923077,0.0,0.0,34.0,1
2015.0,20.192308,1.0,0.0,25.0,1
2015.0,14.685315,1.0,1.0,25.0,1
2015.0,20.833334,1.0,0.0,28.0,1
2015.0,16.826923,0.0,0.0,29.0,1
2015.0,10.989011,0.0,0.0,29.0,1
2015.0,9.725,0.0,1.0,34.0,1
2015.0,17.482517,0.0,0.0,32.0,1
2015.0,10.683761,0.0,0.0,32.0,1
2015.0,14.423077,0.0,0.0,31.0,1
2015.0,23.382868,0.0,0.0,34.0,1
2015.0,11.858974,0.0,0.0,25.0,1
2015.0,2.885577,0.0,1.0,25.0,1
2015.0,22.596153,1.0,0.0,32.0,1
2015.0,17.307692,1.0,1.0,28.0,1
2015.0,18.26923,1.0,1.0,29.0,1
2015.0,12.019231,0.0,1.0,28.0,1
2015.0,10.459662,1.0,1.0,33.0,1
2015.0,11.25,0.0,0.0,28.0,1
2015.0,18.26923,1.0,1.0,26.0,1
2015.0,4.3054943,0.0,0.0,27.0,1
2015.0,30.76923,1.0,1.0,32.0,1
2015.0,30.76923,1.0,0.0,33.0,1
2015.0,9.340659,0.0,1.0,29.0,1
2015.0,12.980769,0.0,1.0,25.0,1
2015.0,26.442308,0.0,0.0,32.0,1
2015.0,52.884617,1.0,1.0,31.0,1
2015.0,13.461538,0.0,1.0,32.0,1
2015.0,37.01923,1.0,1.0,33.0,1
2015.0,33.173077,1.0,0.0,34.0,1
2015.0,20.192308,1.0,0.0,29.0,1
2015.0,10.096154,1.0,1.0,29.0,1
2015.0,21.985096,1.0,0.0,30.0,1
2015.0,18.75,0.0,0.0,31.0,1
2015.0,18.75,1.0,1.0,30.0,1
2015.0,21.153847,0.0,0.0,29.0,1
2015.0,27.692308,1.0,0.0,29.0,1
2015.0,31.25,1.0,1.0,25.0,1
2015.0,50.48077,1.0,0.0,28.0,1
2015.0,50.3663,1.0,0.0,29.0,1
2015.0,13.736263,1.0,1.0,30.0,1
2015.0,17.307692,1.0,1.0,29.0,1
2015.0,21.634615,1.0,0.0,27.0,1
2015.0,60.096153,1.0,1.0,26.0,1
2015.0,53.146854,1.0,1.0,31.0,1
2015.0,13.186813,1.0,1.0,30.0,1
2015.0,32.692307,1.0,0.0,34.0,1
2015.0,20.192308,1.0,0.0,27.0,1
2015.0,12.980769,1.0,1.0,28.0,1
2015.0,20.192308,1.0,0.0,28.0,1
2015.0,19.23077,1.0,0.0,27.0,1
2015.0,16.826923,0.0,0.0,28.0,1
2015.0,21.634615,1.0,0.0,27.0,1
2015.0,33.163265,1.0,0.0,27.0,1
2015.0,38.46154,1.0,0.0,26.0,1
2015.0,26.442308,1.0,1.0,26.0,1
2015.0,38.46154,1.0,0.0,25.0,1
2015.0,18.5,1.0,1.0,32.0,1
2015.0,17.307692,1.0,0.0,32.0,1
2015.0,16.0,0.0,1.0,26.0,1
2015.0,13.461538,0.0,0.0,28.0,1
2015.0,14.903846,1.0,0.0,33.0,1
2015.0,21.288889,1.0,1.0,25.0,1
2015.0,12.019231,1.0,1.0,26.0,1
2015.0,21.875,1.0,1.0,30.0,1
2015.0,32.692307,1.0,0.0,32.0,1
2015.0,7.2115383,0.0,0.0,29.0,1
2015.0,10.096154,0.0,0.0,26.0,1
2015.0,21.568628,1.0,1.0,25.0,1
2015.0,14.903846,0.0,0.0,29.0,1
2015.0,18.076923,1.0,0.0,26.0,1
2015.0,16.826923,1.0,1.0,30.0,1
2015.0,31.25,1.0,1.0,31.0,1
2015.0,23.661058,1.0,0.0,32.0,1
2015.0,20.192308,1.0,0.0,33.0,1
2015.0,29.91453,1.0,0.0,27.0,1
2015.0,13.605769,0.0,1.0,29.0,1
2015.0,26.495726,1.0,1.0,29.0,1
2015.0,14.685315,1.0,1.0,34.0,1
2015.0,36.057693,1.0,0.0,33.0,1
2015.0,55.28846,0.0,0.0,28.0,1
2015.0,27.204502,0.0,1.0,32.0,1
2015.0,26.442308,1.0,0.0,25.0,1
2015.0,11.538462,1.0,1.0,25.0,1
2015.0,23.076923,0.0,0.0,32.0,1
2015.0,14.529915,1.0,1.0,31.0,1
2015.0,19.607843,1.0,0.0,25.0,1
2015.0,15.692307,0.0,1.0,27.0,1
2015.0,50.48077,0.0,0.0,33.0,1
2015.0,36.057693,1.0,1.0,32.0,1
2015.0,14.903846,1.0,0.0,30.0,1
2015.0,16.239317,0.0,0.0,33.0,1
2015.0,12.5,0.0,0.0,28.0,1
2015.0,12.019231,0.0,1.0,30.0,1
2015.0,37.179485,1.0,1.0,34.0,1
2015.0,25.0,0.0,0.0,30.0,1
2015.0,39.529915,1.0,1.0,28.0,1
2015.0,19.23077,1.0,1.0,31.0,1
2015.0,21.634615,0.0,0.0,34.0,1
2015.0,32.05128,1.0,1.0,25.0,1
2015.0,14.652015,0.0,1.0,32.0,1
2015.0,14.423077,0.0,1.0,34.0,1
2015.0,12.019231,0.0,1.0,29.0,1
2015.0,8.241758,0.0,0.0,27.0,1
2015.0,21.153847,1.0,0.0,34.0,1
2015.0,7.2115383,0.0,1.0,31.0,1
2015.0,10.384615,0.0,1.0,30.0,1
2015.0,15.881372,0.0,1.0,34.0,1
2015.0,23.916346,0.0,0.0,30.0,1
2015.0,12.019231,1.0,1.0,34.0,1
2015.0,24.038462,0.0,0.0,33.0,1
2015.0,36.057693,1.0,0.0,28.0,1
2015.0,19.871796,0.0,0.0,31.0,1
2015.0,27.884615,1.0,1.0,34.0,1
2015.0,37.643208,1.0,0.0,28.0,1
2015.0,27.403847,1.0,1.0,25.0,1
2015.0,32.05128,1.0,0.0,31.0,1
2015.0,17.482517,0.0,0.0,34.0,1
2015.0,24.086538,0.0,0.0,34.0,1
2015.0,24.038462,1.0,1.0,26.0,1
2015.0,27.403847,1.0,0.0,27.0,1
2015.0,19.23077,1.0,1.0,25.0,1
2015.0,15.576923,1.0,1.0,31.0,1
2015.0,20.192308,1.0,0.0,33.0,1
2015.0,17.307692,0.0,0.0,34.0,1
2015.0,16.826923,1.0,0.0,27.0,1
2015.0,32.692307,1.0,0.0,26.0,1
2015.0,16.346153,0.0,0.0,30.0,1
2015.0,13.461538,0.0,0.0,27.0,1
2015.0,17.094017,0.0,0.0,28.0,1
2015.0,28.846153,0.0,0.0,28.0,1
2015.0,21.153847,0.0,0.0,25.0,1
2015.0,13.461538,0.0,0.0,30.0,1
2015.0,26.442308,1.0,0.0,34.0,1
2015.0,12.019231,0.0,0.0,27.0,1
2015.0,19.23077,1.0,0.0,25.0,1
2015.0,21.367521,1.0,0.0,31.0,1
2015.0,12.019231,1.0,1.0,33.0,1
2015.0,27.5,1.0,0.0,34.0,1
2015.0,10.096154,1.0,0.0,31.0,1
2015.0,38.46154,1.0,1.0,30.0,1
2015.0,24.038462,1.0,1.0,31.0,1
2015.0,34.615383,1.0,1.0,34.0,1
2015.0,35.384617,1.0,0.0,34.0,1
2015.0,6.5195565,0.0,0.0,30.0,1
2015.0,21.367521,0.0,0.0,32.0,1
2015.0,12.019231,0.0,0.0,27.0,1
2015.0,20.673077,1.0,1.0,26.0,1
2015.0,19.23077,1.0,0.0,26.0,1
2015.0,27.218935,1.0,0.0,25.0,1
2015.0,19.23077,1.0,0.0,30.0,1
2015.0,18.0,1.0,1.0,27.0,1
2015.0,43.26923,1.0,0.0,27.0,1
2015.0,35.576923,1.0,0.0,27.0,1
2015.0,16.826923,1.0,0.0,26.0,1
2015.0,15.865385,0.0,1.0,31.0,1
2015.0,10.989011,0.0,1.0,31.0,1
2015.0,14.423077,1.0,1.0,25.0,1
2015.0,26.223776,0.0,0.0,26.0,1
2015.0,15.865385,1.0,1.0,25.0,1
2015.0,16.826923,0.0,0.0,28.0,1
2015.0,9.134615,0.0,1.0,29.0,1
2015.0,9.615385,0.0,0.0,28.0,1
2015.0,17.094017,1.0,1.0,31.0,1
2015.0,19.134615,1.0,1.0,30.0,1
2015.0,33.424908,1.0,1.0,30.0,1
2015.0,16.826923,0.0,0.0,34.0,1
2015.0,31.25,1.0,0.0,31.0,1
2015.0,23.504274,0.0,0.0,25.0,1
2015.0,18.75,1.0,1.0,27.0,1
2015.0,16.02564,1.0,1.0,29.0,1
2015.0,9.615385,0.0,0.0,28.0,1
2015.0,24.038462,1.0,0.0,30.0,1
2015.0,46.581196,1.0,0.0,34.0,1
2015.0,34.13558,1.0,0.0,29.0,1
2015.0,14.423077,1.0,1.0,26.0,1
2015.0,19.23077,1.0,0.0,29.0,1
2015.0,14.423077,0.0,1.0,26.0,1
2015.0,34.615383,1.0,1.0,26.0,1
2015.0,9.615385,0.0,0.0,28.0,1
2015.0,9.340659,0.0,1.0,25.0,1
2015.0,42.307693,1.0,0.0,28.0,1
2015.0,10.096154,0.0,0.0,27.0,1
2015.0,13.157895,1.0,1.0,32.0,1
2015.0,53.146854,1.0,1.0,30.0,1
2015.0,19.0,1.0,1.0,33.0,1
2015.0,11.133603,0.0,1.0,30.0,1
2015.0,27.403847,1.0,0.0,32.0,1
2015.0,24.51923,0.0,1.0,32.0,1
2015.0,38.46154,1.0,0.0,30.0,1
2015.0,24.038462,1.0,1.0,30.0,1
2015.0,29.401709,1.0,0.0,31.0,1
2015.0,28.846153,1.0,0.0,31.0,1
2015.0,25.0,1.0,0.0,34.0,1
2015.0,6.730769,0.0,0.0,29.0,1
2015.0,33.760685,0.0,0.0,28.0,1
2015.0,18.639053,1.0,1.0,30.0,1
2015.0,16.02564,1.0,1.0,28.0,1
2015.0,7.591093,0.0,0.0,30.0,1
2015.0,29.532967,0.0,0.0,30.0,1
2015.0,24.038462,1.0,0.0,32.0,1
2015.0,22.035257,0.0,0.0,34.0,1
2015.0,14.230769,0.0,0.0,30.0,1
2015.0,25.641026,1.0,1.0,29.0,1
2015.0,24.038462,1.0,0.0,33.0,1
2015.0,9.519231,0.0,0.0,34.0,1
2015.0,14.423077,1.0,0.0,27.0,1
2015.0,14.423077,1.0,1.0,31.0,1
2015.0,6.730769,0.0,1.0,31.0,1
2015.0,19.551283,0.0,0.0,32.0,1
2015.0,33.653847,1.0,0.0,32.0,1
2015.0,22.027971,0.0,0.0,30.0,1
2015.0,26.442308,1.0,1.0,26.0,1
2015.0,26.923077,1.0,0.0,32.0,1
2015.0,13.75,1.0,1.0,25.0,1
2015.0,10.729167,0.0,0.0,26.0,1
2015.0,16.5,1.0,0.0,32.0,1
2015.0,16.826923,0.0,1.0,27.0,1
2015.0,16.346153,0.0,0.0,25.0,1
2015.0,14.423077,0.0,0.0,29.0,1
2015.0,19.23077,0.0,1.0,29.0,1
2015.0,13.461538,0.0,0.0,30.0,1
2015.0,23.931623,0.0,0.0,27.0,1
2015.0,9.615385,0.0,1.0,32.0,1
2015.0,23.076923,1.0,1.0,27.0,1
2015.0,10.989011,1.0,1.0,34.0,1
2015.0,19.23077,1.0,1.0,33.0,1
2015.0,14.957265,0.0,0.0,25.0,1
2015.0,39.529915,1.0,1.0,30.0,1
2015.0,13.775,0.0,0.0,32.0,1
2015.0,23.504274,1.0,1.0,27.0,1
2015.0,20.673077,0.0,0.0,32.0,1
2015.0,38.46154,1.0,0.0,27.0,1
2015.0,16.923077,1.0,0.0,32.0,1
2015.0,29.326923,1.0,1.0,32.0,1
2015.0,45.192307,1.0,0.0,31.0,1
2015.0,12.980769,1.0,1.0,27.0,1
2015.0,25.48077,1.0,1.0,29.0,1
2015.0,11.094674,1.0,1.0,25.0,1
2015.0,31.153847,1.0,1.0,29.0,1
2015.0,36.057693,1.0,1.0,34.0,1
2015.0,17.572115,1.0,0.0,28.0,1
2015.0,9.615385,0.0,1.0,34.0,1
2015.0,21.634615,1.0,0.0,34.0,1
2015.0,21.901709,1.0,1.0,34.0,1
2015.0,24.038462,1.0,1.0,33.0,1
2015.0,10.576923,0.0,0.0,33.0,1
2015.0,10.769231,1.0,0.0,34.0,1
2015.0,9.340659,0.0,1.0,34.0,1
2015.0,33.56009,1.0,0.0,31.0,1
2015.0,25.510204,1.0,1.0,29.0,1
2015.0,19.117647,0.0,0.0,27.0,1
2015.0,22.115385,1.0,0.0,31.0,1
2015.0,23.557692,1.0,1.0,32.0,1
2015.0,12.692307,0.0,0.0,32.0,1
2015.0,7.0913463,1.0,1.0,27.0,1
2015.0,10.817307,1.0,0.0,27.0,1
2015.0,13.461538,0.0,0.0,29.0,1
2015.0,24.038462,1.0,1.0,34.0,1
2015.0,51.923077,1.0,0.0,33.0,1
2015.0,21.634615,1.0,0.0,30.0,1
2015.0,21.634615,1.0,0.0,33.0,1
2015.0,26.442308,0.0,0.0,31.0,1
2015.0,22.692308,1.0,0.0,31.0,1
2015.0,16.538462,1.0,1.0,33.0,1
2015.0,33.653847,1.0,0.0,33.0,1
2015.0,39.31624,0.0,0.0,32.0,1
2015.0,14.423077,0.0,0.0,28.0,1
2015.0,21.634615,1.0,0.0,31.0,1
2015.0,17.884615,0.0,0.0,26.0,1
2015.0,18.75,1.0,0.0,26.0,1
2015.0,16.826923,0.0,0.0,34.0,1
2015.0,39.615383,0.0,0.0,29.0,1
2015.0,12.019231,0.0,0.0,27.0,1
2015.0,13.942307,0.0,1.0,26.0,1
2015.0,16.32436,1.0,1.0,34.0,1
2015.0,33.653847,1.0,1.0,34.0,1
2015.0,23.557692,0.0,1.0,33.0,1
2015.0,26.0,0.0,1.0,27.0,1
2015.0,12.019231,0.0,0.0,31.0,1
2015.0,31.25,1.0,0.0,32.0,1
2015.0,10.576923,0.0,0.0,33.0,1
2015.0,16.826923,0.0,0.0,31.0,1
2015.0,17.790598,0.0,0.0,33.0,1
2015.0,13.096154,1.0,1.0,34.0,1
2015.0,7.6923075,0.0,1.0,32.0,1
2015.0,10.489511,0.0,0.0,27.0,1
2015.0,7.6923075,0.0,1.0,25.0,1
2015.0,9.615385,0.0,0.0,34.0,1
2015.0,10.683761,0.0,0.0,29.0,1
2015.0,8.74,0.0,0.0,26.0,1
2015.0,19.23077,1.0,1.0,32.0,1
2015.0,34.615383,1.0,0.0,34.0,1
2015.0,27.534966,0.0,0.0,33.0,1
2015.0,11.538462,1.0,0.0,26.0,1
2015.0,10.909091,0.0,0.0,29.0,1
2015.0,12.980769,1.0,0.0,32.0,1
2015.0,17.307692,1.0,1.0,33.0,1
2015.0,18.509615,1.0,1.0,29.0,1
2015.0,13.076923,1.0,1.0,31.0,1
2015.0,27.027027,0.0,0.0,32.0,1
2015.0,25.0,1.0,1.0,32.0,1
2015.0,3.8461537,0.0,1.0,30.0,1
2015.0,43.26923,1.0,1.0,29.0,1
2015.0,13.461538,0.0,0.0,32.0,1
2015.0,14.615385,1.0,1.0,30.0,1
2015.0,22.115385,1.0,0.0,27.0,1
2015.0,23.076923,1.0,0.0,28.0,1
2015.0,16.826923,1.0,1.0,31.0,1
2015.0,15.384615,0.0,1.0,28.0,1
2015.0,27.83502,1.0,0.0,33.0,1
2015.0,20.340237,1.0,1.0,32.0,1
2015.0,11.538462,0.0,0.0,33.0,1
2015.0,19.23077,1.0,1.0,27.0,1
2015.0,33.653847,1.0,1.0,27.0,1
2015.0,20.155325,1.0,0.0,28.0,1
2015.0,11.057693,0.0,1.0,34.0,1
2015.0,14.958119,0.0,0.0,34.0,1
2015.0,17.948717,1.0,1.0,32.0,1
2015.0,7.7653847,0.0,1.0,31.0,1
2015.0,14.423077,0.0,0.0,28.0,1
2015.0,33.653847,1.0,1.0,34.0,1
2015.0,25.641026,1.0,1.0,31.0,1
2015.0,17.163462,0.0,0.0,33.0,1
2015.0,44.871796,0.0,0.0,34.0,1
2015.0,15.384615,1.0,1.0,30.0,1
2015.0,11.538462,1.0,1.0,31.0,1
2015.0,14.519231,0.0,0.0,26.0,1
2015.0,14.375,1.0,1.0,29.0,1
2015.0,18.26923,0.0,0.0,31.0,1
2015.0,16.194332,1.0,1.0,34.0,1
2015.0,24.038462,1.0,0.0,26.0,1
2015.0,16.826923,0.0,0.0,26.0,1
2015.0,21.634615,1.0,0.0,28.0,1
2015.0,23.076923,0.0,1.0,28.0,1
2015.0,10.989011,0.0,1.0,28.0,1
2015.0,16.483517,1.0,1.0,26.0,1
2015.0,62.5,1.0,0.0,32.0,1
2015.0,18.461538,1.0,0.0,31.0,1
2015.0,39.423077,0.0,0.0,32.0,1
2015.0,33.653847,1.0,0.0,29.0,1
2015.0,7.5,0.0,0.0,25.0,1
2015.0,7.6923075,1.0,0.0,31.0,1
2015.0,20.913462,1.0,1.0,28.0,1
2015.0,13.888889,1.0,1.0,26.0,1
2015.0,14.423077,1.0,1.0,30.0,1
2015.0,10.5,0.0,0.0,29.0,1
2015.0,18.26923,0.0,0.0,28.0,1
2015.0,19.23077,0.0,0.0,32.0,1
2015.0,16.826923,0.0,0.0,27.0,1
2015.0,14.423077,0.0,0.0,28.0,1
2015.0,13.221154,1.0,0.0,25.0,1
2015.0,10.817307,0.0,1.0,32.0,1
2015.0,19.23077,1.0,0.0,27.0,1
2015.0,44.23077,0.0,1.0,31.0,1
2015.0,24.038462,1.0,0.0,25.0,1
2015.0,6.5384617,1.0,0.0,25.0,1
2015.0,19.23077,1.0,0.0,25.0,1
2015.0,28.846153,1.0,1.0,31.0,1
2015.0,15.432693,0.0,0.0,26.0,1
2015.0,11.871302,0.0,0.0,27.0,1
2015.0,24.038462,1.0,0.0,28.0,1
2015.0,19.607843,1.0,0.0,29.0,1
2015.0,14.423077,0.0,1.0,25.0,1
2015.0,28.846153,1.0,0.0,30.0,1
2015.0,19.23077,1.0,0.0,31.0,1
2015.0,16.826923,1.0,1.0,33.0,1
2015.0,9.615385,0.0,0.0,34.0,1
2015.0,9.615385,1.0,1.0,27.0,1
2015.0,20.384615,0.0,0.0,30.0,1
2015.0,9.615385,0.0,0.0,28.0,1
2015.0,28.846153,1.0,1.0,34.0,1
2015.0,19.23077,0.0,0.0,34.0,1
2015.0,15.384615,0.0,0.0,34.0,1
2015.0,34.134617,1.0,0.0,33.0,1
2015.0,35.133137,0.0,0.0,29.0,1
2015.0,14.0,0.0,0.0,32.0,1
2015.0,11.752137,1.0,0.0,26.0,1
2015.0,13.461538,1.0,1.0,33.0,1
2015.0,6.1538463,0.0,0.0,33.0,1
2015.0,14.423077,0.0,0.0,25.0,1
2015.0,20.0,1.0,1.0,34.0,1
2015.0,19.23077,1.0,1.0,30.0,1
2015.0,33.173077,1.0,1.0,29.0,1
2015.0,12.019231,0.0,0.0,30.0,1
2015.0,12.740385,1.0,1.0,27.0,1
2015.0,32.692307,1.0,1.0,29.0,1
2015.0,50.48077,0.0,0.0,33.0,1
2015.0,43.26923,1.0,0.0,34.0,1
2015.0,26.442308,1.0,1.0,32.0,1
2015.0,43.454144,1.0,0.0,31.0,1
2015.0,43.26923,1.0,0.0,29.0,1
2015.0,13.461538,0.0,0.0,27.0,1
2015.0,8.653846,0.0,1.0,32.0,1
2015.0,23.384354,1.0,0.0,31.0,1
2015.0,6.5195565,0.0,0.0,28.0,1
2015.0,14.957265,1.0,0.0,28.0,1
2015.0,20.384615,1.0,0.0,31.0,1
2015.0,13.846154,1.0,1.0,29.0,1
2015.0,22.222221,0.0,1.0,29.0,1
2015.0,17.307692,0.0,0.0,25.0,1
2015.0,25.961538,1.0,1.0,34.0,1
2015.0,19.23077,1.0,0.0,28.0,1
2015.0,24.038462,1.0,0.0,29.0,1
2015.0,21.367521,0.0,1.0,27.0,1
2015.0,24.038462,0.0,0.0,34.0,1
2015.0,48.076923,0.0,0.0,26.0,1
2015.0,17.987,1.0,1.0,31.0,1
2015.0,23.504274,0.0,0.0,27.0,1
2015.0,12.019231,1.0,1.0,28.0,1
2015.0,9.134615,0.0,1.0,27.0,1
2015.0,28.418804,1.0,0.0,27.0,1
2015.0,33.653847,1.0,1.0,27.0,1
2015.0,28.846153,0.0,0.0,31.0,1
2015.0,24.038462,0.0,0.0,26.0,1
2015.0,19.23077,0.0,1.0,26.0,1
2015.0,26.923077,1.0,0.0,28.0,1
2015.0,16.586538,0.0,0.0,29.0,1
2015.0,19.23077,1.0,0.0,28.0,1
2015.0,8.653846,1.0,1.0,25.0,1
2015.0,8.653846,1.0,1.0,32.0,1
2015.0,21.634615,1.0,1.0,33.0,1
2015.0,19.23077,0.0,0.0,27.0,1
2015.0,13.942307,0.0,0.0,26.0,1
2015.0,13.736263,1.0,1.0,32.0,1
2015.0,21.153847,0.0,0.0,25.0,1
2015.0,24.51923,1.0,0.0,31.0,1
2015.0,13.675214,0.0,0.0,33.0,1
2015.0,12.019231,0.0,0.0,33.0,1
2015.0,36.752136,1.0,0.0,33.0,1
2015.0,13.461538,1.0,0.0,30.0,1
2015.0,12.606837,1.0,0.0,28.0,1
2015.0,25.641026,1.0,0.0,33.0,1
2015.0,15.0,1.0,1.0,25.0,1
2015.0,18.26923,1.0,1.0,33.0,1
2015.0,14.5,0.0,1.0,33.0,1
2015.0,28.846153,1.0,0.0,25.0,1
2015.0,7.6923075,0.0,1.0,34.0,1
2015.0,19.23077,1.0,1.0,32.0,1
2015.0,11.0,0.0,0.0,30.0,1
2015.0,5.769231,0.0,0.0,28.0,1
2015.0,9.615385,0.0,0.0,26.0,1
2015.0,15.934066,0.0,1.0,34.0,1
2015.0,28.846153,0.0,0.0,25.0,1
2015.0,34.615383,1.0,0.0,32.0,1
2015.0,32.692307,0.0,0.0,33.0,1
2015.0,11.538462,1.0,1.0,31.0,1
2015.0,9.0,1.0,0.0,28.0,1
2015.0,20.08547,0.0,0.0,33.0,1
2015.0,13.942307,0.0,0.0,29.0,1
2015.0,26.923077,1.0,0.0,32.0,1
2015.0,23.504274,1.0,1.0,30.0,1
2015.0,24.813896,1.0,1.0,27.0,1
2015.0,9.615385,1.0,1.0,33.0,1
2015.0,15.384615,0.0,0.0,34.0,1
2015.0,11.538462,0.0,0.0,32.0,1
2015.0,21.794872,1.0,0.0,28.0,1
2015.0,5.769231,0.0,0.0,34.0,1
2015.0,36.057693,0.0,0.0,27.0,1
2015.0,12.820513,0.0,0.0,27.0,1
2015.0,14.423077,1.0,0.0,34.0,1
2015.0,16.483517,1.0,1.0,26.0,1
2015.0,26.556776,1.0,1.0,30.0,1
2015.0,21.634615,0.0,0.0,31.0,1
2015.0,12.087913,1.0,0.0,32.0,1
2015.0,20.192308,1.0,0.0,34.0,1
2015.0,19.23077,1.0,0.0,30.0,1
2015.0,19.23077,1.0,1.0,27.0,1
2015.0,11.538462,1.0,1.0,30.0,1
2015.0,17.788462,1.0,0.0,32.0,1
2015.0,24.038462,0.0,0.0,33.0,1
2015.0,33.163265,1.0,0.0,27.0,1
2015.0,25.517693,1.0,0.0,32.0,1
2015.0,15.865385,1.0,0.0,27.0,1
2015.0,14.423077,1.0,0.0,25.0,1
2015.0,17.5,1.0,0.0,26.0,1
2015.0,19.23077,1.0,1.0,30.0,1
2015.0,32.692307,1.0,1.0,28.0,1
2015.0,12.3626375,0.0,1.0,30.0,1
2015.0,45.673077,1.0,0.0,30.0,1
2015.0,24.641827,1.0,1.0,25.0,1
2015.0,35.096153,1.0,1.0,28.0,1
2015.0,12.820513,0.0,0.0,25.0,1
2015.0,16.826923,0.0,0.0,28.0,1
2015.0,24.038462,1.0,1.0,28.0,1
2015.0,27.777779,1.0,0.0,27.0,1
2015.0,24.725275,1.0,1.0,25.0,1
2015.0,20.048077,1.0,1.0,33.0,1
2015.0,7.2115383,0.0,1.0,27.0,1
2015.0,11.538462,0.0,0.0,26.0,1
2015.0,14.423077,0.0,0.0,26.0,1
2015.0,28.846153,1.0,0.0,32.0,1
2015.0,23.809525,1.0,0.0,30.0,1
2015.0,36.057693,0.0,0.0,31.0,1
2015.0,26.709402,1.0,1.0,34.0,1
2015.0,42.0625,1.0,0.0,30.0,1
2015.0,21.354166,1.0,0.0,26.0,1
2015.0,19.23077,0.0,0.0,34.0,1
2015.0,16.826923,0.0,0.0,31.0,1
2015.0,15.865385,1.0,1.0,33.0,1
2015.0,16.941391,0.0,0.0,28.0,1
2015.0,14.010989,1.0,0.0,28.0,1
2015.0,17.788462,0.0,0.0,28.0,1
2015.0,3.2692308,1.0,0.0,28.0,1
2015.0,21.634615,1.0,0.0,27.0,1
2015.0,14.423077,0.0,0.0,26.0,1
2015.0,24.038462,1.0,0.0,34.0,1
2015.0,15.384615,0.0,0.0,30.0,1
2015.0,15.865385,1.0,1.0,27.0,1
2015.0,12.820513,1.0,0.0,31.0,1
2015.0,13.942307,0.0,1.0,31.0,1
2015.0,38.46154,1.0,0.0,32.0,1
2015.0,33.21678,1.0,0.0,32.0,1
2015.0,8.669286,0.0,0.0,33.0,1
2015.0,17.307692,1.0,1.0,31.0,1
2015.0,17.548077,1.0,0.0,31.0,1
2015.0,19.23077,1.0,1.0,31.0,1
2015.0,12.480769,1.0,0.0,26.0,1
2015.0,5.289423,0.0,1.0,26.0,1
2015.0,25.0,0.0,0.0,32.0,1
2015.0,12.5,0.0,0.0,32.0,1
2015.0,20.192308,1.0,0.0,33.0,1
2015.0,27.472527,1.0,0.0,29.0,1
2015.0,21.73077,1.0,0.0,29.0,1
2015.0,22.692308,1.0,1.0,27.0,1
2015.0,8.974359,0.0,1.0,25.0,1
2015.0,14.880609,1.0,0.0,28.0,1
2015.0,36.630035,1.0,0.0,29.0,1
2015.0,58.760685,1.0,0.0,32.0,1
2015.0,26.442308,1.0,1.0,30.0,1
2015.0,9.89011,0.0,1.0,26.0,1
2015.0,15.625,0.0,1.0,25.0,1
2015.0,17.399267,1.0,1.0,29.0,1
2015.0,9.615385,0.0,1.0,30.0,1
2015.0,16.826923,0.0,0.0,26.0,1
2015.0,50.0,0.0,0.0,34.0,1
2015.0,8.974359,1.0,0.0,31.0,1
2015.0,4.8076925,0.0,0.0,26.0,1
2015.0,27.884615,1.0,1.0,31.0,1
2015.0,24.88889,0.0,0.0,26.0,1
2015.0,21.153847,0.0,0.0,33.0,1
2015.0,16.826923,1.0,1.0,26.0,1
2015.0,21.367521,1.0,0.0,29.0,1
2015.0,16.826923,1.0,0.0,30.0,1
2015.0,13.736263,0.0,1.0,32.0,1
2015.0,26.923077,1.0,0.0,28.0,1
2015.0,32.05128,0.0,1.0,29.0,1
2015.0,17.307692,0.0,0.0,32.0,1
2015.0,25.961538,0.0,0.0,34.0,1
2015.0,14.423077,0.0,0.0,31.0,1
2015.0,26.442308,0.0,1.0,26.0,1
2015.0,21.634615,0.0,0.0,31.0,1
2015.0,24.038462,0.0,0.0,27.0,1
2015.0,10.576923,0.0,0.0,25.0,1
2015.0,16.826923,0.0,0.0,33.0,1
2015.0,14.423077,1.0,1.0,26.0,1
2015.0,40.865383,1.0,0.0,27.0,1
2015.0,52.350426,1.0,1.0,27.0,1
2015.0,10.897436,1.0,1.0,25.0,1
2015.0,20.94017,0.0,0.0,34.0,1
2015.0,23.076923,1.0,1.0,32.0,1
2015.0,33.653847,1.0,0.0,34.0,1
2015.0,15.384615,1.0,0.0,26.0,1
2015.0,43.26923,1.0,1.0,34.0,1
2015.0,16.531065,1.0,0.0,25.0,1
2015.0,7.2115383,0.0,1.0,30.0,1
2015.0,11.682693,0.0,0.0,26.0,1
2015.0,7.5,0.0,0.0,33.0,1
2015.0,17.307692,0.0,1.0,33.0,1
2015.0,42.735043,1.0,0.0,27.0,1
2015.0,27.350428,1.0,1.0,26.0,1
2015.0,12.5,0.0,1.0,33.0,1
2015.0,12.019231,0.0,0.0,32.0,1
2015.0,22.115385,1.0,1.0,28.0,1
2015.0,14.615385,1.0,1.0,25.0,1
2015.0,20.673077,1.0,1.0,32.0,1
2015.0,42.735043,1.0,0.0,34.0,1
2015.0,24.038462,1.0,1.0,28.0,1
2015.0,9.615385,1.0,1.0,33.0,1
2015.0,15.587981,1.0,0.0,27.0,1
2015.0,12.019231,1.0,0.0,26.0,1
2015.0,24.038462,1.0,0.0,33.0,1
2015.0,14.307693,0.0,1.0,31.0,1
2015.0,25.641026,1.0,1.0,32.0,1
2015.0,42.735043,1.0,0.0,34.0,1
2015.0,30.76923,1.0,0.0,34.0,1
2015.0,21.634615,1.0,1.0,32.0,1
2015.0,19.23077,0.0,0.0,28.0,1
2015.0,17.34694,0.0,1.0,27.0,1
2015.0,40.17094,1.0,0.0,32.0,1
2015.0,25.48077,1.0,0.0,31.0,1
2015.0,10.576923,0.0,0.0,27.0,1
2015.0,11.057693,0.0,0.0,26.0,1
2015.0,19.23077,0.0,0.0,32.0,1
2015.0,14.903846,1.0,1.0,31.0,1
2015.0,18.910257,0.0,0.0,28.0,1
2015.0,4.519231,0.0,1.0,32.0,1
2015.0,13.736263,1.0,0.0,30.0,1
2015.0,15.865385,1.0,0.0,30.0,1
2015.0,48.076923,1.0,0.0,34.0,1
2015.0,5.769231,0.0,0.0,30.0,1
2015.0,22.596153,1.0,0.0,25.0,1
2015.0,16.826923,0.0,1.0,33.0,1
2015.0,14.957265,1.0,0.0,33.0,1
2015.0,19.23077,0.0,1.0,33.0,1
2015.0,10.576923,0.0,0.0,26.0,1
2015.0,20.673077,1.0,0.0,26.0,1
2015.0,15.865385,1.0,1.0,25.0,1
2015.0,13.269231,1.0,1.0,33.0,1
2015.0,16.826923,0.0,0.0,30.0,1
2015.0,23.426573,0.0,0.0,29.0,1
2015.0,21.901709,1.0,1.0,30.0,1
2015.0,36.057693,0.0,0.0,32.0,1
2015.0,21.634615,0.0,0.0,30.0,1
2015.0,22.115385,0.0,1.0,28.0,1
2015.0,35.470085,1.0,0.0,30.0,1
2015.0,7.3260074,0.0,0.0,30.0,1
2015.0,28.846153,1.0,0.0,29.0,1
2015.0,38.46154,0.0,0.0,28.0,1
2015.0,22.115385,0.0,0.0,32.0,1
2015.0,12.237762,0.0,1.0,30.0,1
2015.0,11.834319,1.0,1.0,25.0,1
2015.0,10.489511,0.0,0.0,33.0,1
2015.0,15.865385,0.0,1.0,26.0,1
2015.0,20.673077,1.0,1.0,33.0,1
2015.0,36.98225,1.0,1.0,29.0,1
2015.0,14.423077,1.0,1.0,27.0,1
2015.0,21.794872,1.0,1.0,34.0,1
2015.0,19.23077,1.0,0.0,30.0,1
2015.0,10.164835,1.0,1.0,25.0,1
2015.0,6.5384617,1.0,0.0,28.0,1
2015.0,25.396826,1.0,1.0,26.0,1
2015.0,25.396826,1.0,1.0,26.0,1
2015.0,14.423077,0.0,0.0,29.0,1
2015.0,17.788462,1.0,1.0,25.0,1
2015.0,16.826923,1.0,0.0,32.0,1
2015.0,26.556776,1.0,1.0,26.0,1
2015.0,10.879121,0.0,0.0,29.0,1
2015.0,18.75,0.0,1.0,30.0,1
2015.0,10.104167,1.0,0.0,29.0,1
2015.0,21.901709,1.0,1.0,29.0,1
2015.0,16.826923,1.0,0.0,29.0,1
2015.0,22.596153,0.0,0.0,29.0,1
2015.0,5.3418803,1.0,1.0,26.0,1
2015.0,17.521368,1.0,1.0,29.0,1
2015.0,24.51923,1.0,1.0,26.0,1
2015.0,16.346153,1.0,0.0,27.0,1
2015.0,38.4625,1.0,0.0,34.0,1
2015.0,11.057693,1.0,1.0,32.0,1
2015.0,13.461538,1.0,1.0,31.0,1
2015.0,20.604395,1.0,1.0,33.0,1
2015.0,17.0,0.0,0.0,26.0,1
2015.0,28.846153,1.0,0.0,32.0,1
2015.0,22.115385,1.0,0.0,25.0,1
2015.0,5.769231,0.0,0.0,26.0,1
2015.0,27.24359,1.0,0.0,31.0,1
2015.0,20.192308,1.0,1.0,31.0,1
2015.0,21.367521,0.0,0.0,33.0,1
2015.0,13.701923,0.0,0.0,32.0,1
2015.0,14.423077,0.0,0.0,32.0,1
2015.0,28.846153,1.0,1.0,25.0,1
2015.0,20.673077,1.0,1.0,25.0,1
2015.0,15.384615,0.0,1.0,30.0,1
2015.0,46.153847,1.0,0.0,34.0,1
2015.0,12.626263,1.0,0.0,33.0,1
2015.0,23.076923,1.0,0.0,30.0,1
2015.0,10.0,1.0,1.0,31.0,1
2015.0,14.31127,1.0,1.0,31.0,1
2015.0,28.106508,1.0,0.0,34.0,1
2015.0,20.977884,1.0,0.0,26.0,1
2015.0,24.51923,1.0,1.0,25.0,1
2015.0,28.846153,1.0,1.0,30.0,1
2015.0,9.538462,1.0,0.0,31.0,1
2015.0,27.24359,1.0,0.0,29.0,1
2015.0,17.094017,1.0,0.0,28.0,1
2015.0,28.846153,1.0,0.0,31.0,1
2015.0,13.942307,1.0,1.0,28.0,1
2015.0,41.826923,1.0,0.0,30.0,1
2015.0,11.057693,1.0,0.0,32.0,1
2015.0,16.826923,0.0,0.0,32.0,1
2015.0,12.980769,1.0,1.0,30.0,1
2015.0,24.038462,1.0,0.0,33.0,1
2015.0,22.115385,1.0,0.0,29.0,1
2015.0,14.423077,1.0,1.0,26.0,1
2015.0,18.830128,0.0,0.0,26.0,1
2015.0,16.826923,0.0,0.0,31.0,1
2015.0,21.538462,1.0,0.0,30.0,1
2015.0,15.384615,1.0,1.0,27.0,1
2015.0,9.615385,0.0,0.0,33.0,1
2015.0,27.307692,1.0,0.0,31.0,1
2015.0,15.384615,0.0,0.0,30.0,1
2015.0,17.788462,0.0,0.0,30.0,1
2015.0,29.567308,1.0,1.0,29.0,1
2015.0,24.038462,1.0,0.0,29.0,1
2015.0,10.06993,0.0,0.0,31.0,1
2015.0,16.346153,0.0,1.0,25.0,1
2015.0,14.307693,0.0,0.0,26.0,1
2015.0,12.5,0.0,0.0,29.0,1
2015.0,48.076923,0.0,0.0,30.0,1
2015.0,15.384615,1.0,0.0,32.0,1
2015.0,5.547337,0.0,0.0,28.0,1
2015.0,12.019231,1.0,1.0,29.0,1
2015.0,11.778846,0.0,1.0,30.0,1
2015.0,17.788462,0.0,0.0,32.0,1
2015.0,19.23077,0.0,0.0,34.0,1
2015.0,28.846153,1.0,1.0,34.0,1
2015.0,5.769231,1.0,0.0,30.0,1
2015.0,19.23077,1.0,1.0,28.0,1
2015.0,19.23077,1.0,0.0,27.0,1
2015.0,21.634615,1.0,1.0,34.0,1
2015.0,23.846153,1.0,1.0,34.0,1
2015.0,12.235577,1.0,0.0,29.0,1
2015.0,22.408964,1.0,0.0,33.0,1
2015.0,30.76923,1.0,0.0,30.0,1
2015.0,25.106838,1.0,1.0,27.0,1
2015.0,23.076923,1.0,0.0,34.0,1
2015.0,10.788462,1.0,1.0,29.0,1
2015.0,28.846153,1.0,1.0,30.0,1
2015.0,13.247863,1.0,0.0,34.0,1
2015.0,14.903846,1.0,1.0,33.0,1
2015.0,48.076923,1.0,0.0,32.0,1
2015.0,15.384615,0.0,0.0,25.0,1
2015.0,28.846153,1.0,0.0,29.0,1
2015.0,21.634615,1.0,1.0,29.0,1
2015.0,39.615383,0.0,0.0,32.0,1
2015.0,20.65934,1.0,1.0,25.0,1
2015.0,14.423077,1.0,0.0,27.0,1
2015.0,20.192308,0.0,1.0,27.0,1
2015.0,19.23077,1.0,0.0,26.0,1
2015.0,17.307692,1.0,1.0,25.0,1
2015.0,24.475525,1.0,1.0,34.0,1
2015.0,12.062937,1.0,0.0,26.0,1
2015.0,14.423077,0.0,1.0,34.0,1
2015.0,8.5470085,1.0,0.0,31.0,1
2015.0,19.711538,1.0,0.0,26.0,1
2015.0,13.675214,1.0,1.0,25.0,1
2015.0,17.206478,1.0,0.0,34.0,1
2015.0,41.346153,1.0,1.0,33.0,1
2015.0,16.483517,0.0,1.0,27.0,1
2015.0,52.884617,1.0,0.0,28.0,1
2015.0,25.961538,1.0,1.0,28.0,1
2015.0,15.865385,1.0,1.0,34.0,1
2015.0,16.088942,1.0,0.0,31.0,1
2015.0,38.46154,1.0,0.0,31.0,1
2015.0,43.26923,1.0,0.0,30.0,1
2015.0,24.038462,1.0,0.0,25.0,1
2015.0,24.038462,1.0,0.0,25.0,1
2015.0,31.25,1.0,1.0,28.0,1
2015.0,4.6153846,0.0,0.0,25.0,1
2015.0,34.72222,1.0,1.0,28.0,1
2015.0,9.35551,0.0,0.0,25.0,1
2015.0,15.384615,0.0,1.0,33.0,1
2015.0,12.019231,0.0,0.0,30.0,1
2015.0,28.846153,1.0,1.0,33.0,1
2015.0,19.711538,1.0,0.0,34.0,1
2015.0,14.423077,0.0,0.0,32.0,1
2015.0,32.692307,0.0,1.0,34.0,1
2015.0,10.096154,0.0,1.0,31.0,1
2015.0,16.39423,0.0,1.0,25.0,1
2015.0,10.576923,0.0,0.0,27.0,1
2015.0,17.307692,0.0,0.0,34.0,1
2015.0,4.0,0.0,1.0,25.0,1
2015.0,11.538462,0.0,1.0,32.0,1
2015.0,16.057692,1.0,1.0,25.0,1
2015.0,10.897693,1.0,0.0,30.0,1
2015.0,28.846153,1.0,1.0,34.0,1
2015.0,21.794872,1.0,0.0,33.0,1
2015.0,8.01282,1.0,1.0,30.0,1
2015.0,22.361359,0.0,0.0,34.0,1
2015.0,9.838998,0.0,1.0,33.0,1
2015.0,17.307692,1.0,1.0,25.0,1
2015.0,42.735043,1.0,0.0,33.0,1
2015.0,21.25506,1.0,1.0,31.0,1
2015.0,9.89011,1.0,0.0,28.0,1
2015.0,17.307692,1.0,0.0,32.0,1
2015.0,28.846153,1.0,1.0,32.0,1
2015.0,6.730769,0.0,0.0,25.0,1
2015.0,18.75,1.0,1.0,31.0,1
2015.0,18.491125,0.0,1.0,25.0,1
2015.0,30.982906,1.0,1.0,30.0,1
2015.0,16.826923,0.0,1.0,32.0,1
2015.0,27.24359,0.0,0.0,34.0,1
2015.0,20.673077,0.0,0.0,28.0,1
2015.0,12.237762,0.0,0.0,28.0,1
2015.0,13.888889,0.0,0.0,29.0,1
2015.0,15.384615,0.0,0.0,30.0,1
2015.0,12.980769,0.0,0.0,26.0,1
2015.0,18.315018,0.0,0.0,28.0,1
2015.0,10.096154,1.0,0.0,34.0,1
2015.0,10.302197,0.0,0.0,27.0,1
2015.0,72.11539,1.0,0.0,33.0,1
2015.0,25.961538,0.0,0.0,30.0,1
2015.0,19.23077,1.0,0.0,29.0,1
2015.0,20.192308,0.0,0.0,33.0,1
2015.0,14.903846,0.0,1.0,29.0,1
2015.0,48.076923,0.0,0.0,26.0,1
2015.0,26.442308,1.0,0.0,32.0,1
2015.0,26.442308,0.0,0.0,32.0,1
2015.0,38.46154,1.0,1.0,34.0,1
2015.0,20.340237,1.0,0.0,27.0,1
2015.0,11.538462,0.0,1.0,26.0,1
2015.0,14.423077,1.0,1.0,34.0,1
2015.0,16.826923,1.0,1.0,33.0,1
2015.0,31.25,1.0,1.0,33.0,1
2015.0,31.25,1.0,1.0,31.0,1
2015.0,32.21154,1.0,0.0,34.0,1
2015.0,12.980769,0.0,0.0,28.0,1
2015.0,18.26923,0.0,1.0,26.0,1
2015.0,9.615385,1.0,0.0,27.0,1
2015.0,14.423077,0.0,1.0,30.0,1
2015.0,24.038462,1.0,0.0,33.0,1
2015.0,11.434511,0.0,1.0,26.0,1
2015.0,8.653846,0.0,0.0,33.0,1
2015.0,31.397175,1.0,1.0,28.0,1
2015.0,14.1941395,0.0,0.0,31.0,1
2015.0,21.153847,1.0,0.0,30.0,1
2015.0,12.393163,0.0,1.0,33.0,1
2015.0,8.461538,0.0,0.0,32.0,1
2015.0,22.596153,1.0,0.0,33.0,1
2015.0,25.0,0.0,0.0,30.0,1
2015.0,20.192308,0.0,0.0,26.0,1
2015.0,38.46154,0.0,0.0,25.0,1
2015.0,15.70577,1.0,1.0,28.0,1
2015.0,19.23077,1.0,0.0,29.0,1
2015.0,17.788462,1.0,1.0,28.0,1
2015.0,14.423077,0.0,1.0,28.0,1
2015.0,15.384615,0.0,0.0,27.0,1
2015.0,21.634615,0.0,0.0,34.0,1
2015.0,16.826923,1.0,1.0,32.0,1
2015.0,9.615385,0.0,1.0,33.0,1
2015.0,13.736263,0.0,1.0,25.0,1
2015.0,18.75,0.0,1.0,27.0,1
2015.0,24.038462,1.0,0.0,33.0,1
2015.0,12.019231,0.0,1.0,29.0,1
2015.0,30.76923,1.0,1.0,34.0,1
2015.0,17.307692,1.0,0.0,29.0,1
2015.0,31.250961,1.0,0.0,34.0,1
2015.0,25.48077,0.0,1.0,25.0,1
2015.0,24.038462,1.0,0.0,28.0,1
2015.0,25.961538,1.0,0.0,26.0,1
2015.0,12.019231,0.0,1.0,31.0,1
2015.0,48.076923,0.0,0.0,28.0,1
2015.0,52.884617,1.0,0.0,34.0,1
2015.0,13.461538,0.0,0.0,27.0,1
2015.0,13.942307,1.0,0.0,29.0,1
2015.0,12.980769,0.0,1.0,26.0,1
2015.0,50.48077,1.0,0.0,33.0,1
2015.0,11.057693,0.0,0.0,28.0,1
2015.0,16.483517,0.0,1.0,27.0,1
2015.0,20.674038,1.0,1.0,33.0,1
2015.0,32.05128,1.0,0.0,29.0,1
2015.0,20.192308,0.0,1.0,30.0,1
2015.0,22.435898,0.0,0.0,28.0,1
2015.0,32.05128,1.0,1.0,30.0,1
2015.0,32.967033,1.0,0.0,30.0,1
2015.0,18.26923,1.0,1.0,26.0,1
2015.0,16.10577,0.0,0.0,31.0,1
2015.0,19.23077,0.0,0.0,29.0,1
2015.0,14.529915,0.0,0.0,25.0,1
2015.0,21.634615,0.0,0.0,31.0,1
2015.0,12.019231,0.0,0.0,30.0,1
2015.0,12.019231,0.0,0.0,28.0,1
2015.0,12.019231,0.0,0.0,30.0,1
2015.0,11.538462,0.0,0.0,25.0,1
2015.0,23.076923,0.0,0.0,32.0,1
2015.0,31.73077,1.0,0.0,29.0,1
2015.0,43.26923,1.0,0.0,34.0,1
2015.0,17.788462,0.0,1.0,31.0,1
2015.0,19.23077,1.0,0.0,32.0,1
2015.0,52.403847,1.0,0.0,32.0,1
2015.0,19.807692,1.0,0.0,28.0,1
2015.0,14.423077,0.0,0.0,34.0,1
2015.0,21.634615,0.0,0.0,34.0,1
2015.0,8.653846,0.0,0.0,25.0,1
2015.0,66.82692,1.0,0.0,32.0,1
2015.0,16.826923,1.0,0.0,32.0,1
2015.0,48.076923,1.0,1.0,33.0,1
2015.0,13.7893,0.0,0.0,34.0,1
2015.0,13.736263,0.0,1.0,30.0,1
2015.0,14.423077,0.0,0.0,29.0,1
2015.0,16.826923,1.0,0.0,31.0,1
2015.0,29.807692,1.0,1.0,26.0,1
2015.0,28.847115,1.0,0.0,33.0,1
2015.0,27.692308,0.0,0.0,30.0,1
2015.0,27.777779,1.0,1.0,33.0,1
2015.0,22.408964,1.0,0.0,30.0,1
2015.0,36.057693,1.0,1.0,30.0,1
2015.0,24.038462,1.0,0.0,34.0,1
2015.0,18.75,0.0,0.0,34.0,1
2015.0,32.75,1.0,1.0,30.0,1
2015.0,52.403847,1.0,0.0,30.0,1
2015.0,24.786325,0.0,1.0,34.0,1
2015.0,12.019231,0.0,1.0,31.0,1
2015.0,21.634615,0.0,1.0,25.0,1
2015.0,19.23077,1.0,1.0,29.0,1
2015.0,18.234266,0.0,0.0,29.0,1
2015.0,8.75,0.0,1.0,29.0,1
2015.0,6.4102564,0.0,0.0,26.0,1
2015.0,18.26923,1.0,1.0,27.0,1
2015.0,23.076923,1.0,0.0,29.0,1
2015.0,10.817307,1.0,1.0,26.0,1
2015.0,23.557692,1.0,0.0,26.0,1
2015.0,16.346153,1.0,1.0,29.0,1
2015.0,25.038462,1.0,0.0,27.0,1
2015.0,17.307692,1.0,0.0,31.0,1
2015.0,26.442308,1.0,0.0,27.0,1
2015.0,27.777779,1.0,0.0,33.0,1
2015.0,9.615385,0.0,1.0,28.0,1
2015.0,4.8076925,0.0,0.0,26.0,1
2015.0,17.307692,1.0,1.0,25.0,1
2015.0,15.734265,0.0,1.0,27.0,1
2015.0,27.884615,1.0,1.0,31.0,1
2015.0,9.615385,0.0,0.0,34.0,1
2015.0,37.39316,1.0,1.0,32.0,1
2015.0,13.247863,1.0,1.0,32.0,1
2015.0,21.634615,1.0,1.0,32.0,1
2015.0,31.25,1.0,0.0,25.0,1
2015.0,24.358974,1.0,0.0,32.0,1
2015.0,9.616346,1.0,1.0,31.0,1
2015.0,60.320515,1.0,0.0,33.0,1
2015.0,16.826923,0.0,0.0,29.0,1
2015.0,45.673077,0.0,0.0,29.0,1
2015.0,9.615385,1.0,0.0,25.0,1
2015.0,9.615385,1.0,0.0,25.0,1
2015.0,25.0,0.0,0.0,34.0,1
2015.0,14.423077,0.0,0.0,32.0,1
2015.0,9.615385,0.0,1.0,34.0,1
2015.0,13.157895,0.0,0.0,28.0,1
2015.0,52.884617,1.0,0.0,31.0,1
2015.0,43.937763,0.0,0.0,29.0,1
2015.0,13.096154,1.0,1.0,25.0,1
2015.0,55.28846,1.0,1.0,34.0,1
2015.0,15.576923,1.0,1.0,32.0,1
2015.0,7.5,0.0,0.0,25.0,1
2015.0,7.3717947,0.0,0.0,34.0,1
2015.0,39.903847,1.0,1.0,34.0,1
2015.0,18.833654,0.0,0.0,33.0,1
2015.0,43.26923,1.0,0.0,28.0,1
2015.0,15.064102,0.0,0.0,27.0,1
2015.0,43.26923,1.0,0.0,34.0,1
2015.0,13.461538,0.0,0.0,30.0,1
2015.0,11.834319,0.0,0.0,28.0,1
2015.0,6.8934913,0.0,0.0,26.0,1
2015.0,52.884617,1.0,0.0,33.0,1
2015.0,28.461538,0.0,0.0,32.0,1
2015.0,14.285714,0.0,0.0,30.0,1
2015.0,7.2115383,0.0,1.0,25.0,1
2015.0,15.384615,0.0,0.0,28.0,1
2015.0,28.846153,1.0,1.0,26.0,1
2015.0,28.846153,1.0,1.0,27.0,1
2015.0,20.192308,1.0,1.0,34.0,1
2015.0,18.26923,0.0,0.0,31.0,1
2015.0,13.7893,0.0,0.0,28.0,1
2015.0,12.3626375,0.0,1.0,28.0,1
2015.0,8.653846,0.0,1.0,30.0,1
2015.0,43.26923,1.0,0.0,33.0,1
2015.0,15.10989,1.0,0.0,26.0,1
2015.0,33.653847,1.0,0.0,30.0,1
2015.0,46.153847,1.0,0.0,33.0,1
2015.0,8.814102,0.0,0.0,31.0,1
2015.0,16.826923,0.0,0.0,27.0,1
2015.0,16.826923,0.0,0.0,31.0,1
2015.0,7.2115383,0.0,1.0,28.0,1
2015.0,9.89011,0.0,0.0,30.0,1
2015.0,5.0,0.0,0.0,25.0,1
2015.0,6.730769,1.0,1.0,25.0,1
2015.0,33.653847,1.0,1.0,29.0,1
2015.0,23.076923,1.0,1.0,30.0,1
2015.0,15.384615,1.0,0.0,26.0,1
2015.0,24.038462,0.0,0.0,25.0,1
2015.0,26.923077,0.0,0.0,31.0,1
2015.0,57.692307,1.0,1.0,33.0,1
2015.0,24.038462,1.0,1.0,34.0,1
2015.0,20.242914,1.0,1.0,25.0,1
2015.0,19.23077,1.0,1.0,25.0,1
2015.0,19.23077,1.0,1.0,27.0,1
2015.0,35.0,1.0,1.0,30.0,1
2015.0,35.576923,1.0,0.0,26.0,1
2015.0,28.846153,1.0,0.0,25.0,1
2015.0,55.473373,1.0,1.0,26.0,1
2015.0,19.23077,0.0,0.0,27.0,1
2015.0,24.439102,1.0,1.0,32.0,1
2015.0,20.94017,1.0,1.0,26.0,1
2015.0,17.307692,1.0,1.0,25.0,1
2015.0,21.634615,0.0,0.0,28.0,1
2015.0,31.25,1.0,1.0,34.0,1
2015.0,31.65048,1.0,1.0,33.0,1
2015.0,18.53147,1.0,1.0,28.0,1
2015.0,32.451923,1.0,1.0,31.0,1
2015.0,10.096154,0.0,1.0,30.0,1
2015.0,23.076923,1.0,1.0,31.0,1
2015.0,41.826923,1.0,0.0,30.0,1
2015.0,24.038462,1.0,1.0,26.0,1
2015.0,24.038462,1.0,0.0,31.0,1
2015.0,13.942307,1.0,1.0,33.0,1
2015.0,18.75,1.0,0.0,33.0,1
2015.0,16.826923,1.0,1.0,25.0,1
2015.0,8.653846,0.0,0.0,25.0,1
2015.0,19.23077,1.0,1.0,30.0,1
2015.0,16.423077,1.0,1.0,28.0,1
2015.0,53.418804,1.0,0.0,33.0,1
2015.0,22.596153,1.0,1.0,27.0,1
2015.0,21.777779,1.0,0.0,27.0,1
2015.0,29.487179,1.0,0.0,26.0,1
2015.0,7.0913463,1.0,0.0,27.0,1
2015.0,25.0,1.0,1.0,28.0,1
2015.0,15.625,1.0,0.0,34.0,1
2015.0,10.576923,0.0,1.0,33.0,1
2015.0,16.826923,1.0,1.0,26.0,1
2015.0,32.905983,1.0,0.0,31.0,1
2015.0,17.156862,1.0,0.0,25.0,1
2015.0,28.846153,1.0,1.0,32.0,1
2015.0,31.376518,1.0,1.0,25.0,1
2015.0,19.65812,1.0,1.0,29.0,1
2015.0,20.192308,1.0,1.0,27.0,1
2015.0,15.384615,1.0,1.0,27.0,1
2015.0,20.0,1.0,1.0,31.0,1
2015.0,32.142857,1.0,0.0,31.0,1
2015.0,37.692307,1.0,0.0,30.0,1
2015.0,17.628204,1.0,0.0,30.0,1
2015.0,37.5,1.0,1.0,30.0,1
2015.0,26.442308,1.0,0.0,31.0,1
2015.0,33.653847,1.0,0.0,26.0,1
2015.0,22.189348,1.0,0.0,25.0,1
2015.0,38.46154,1.0,0.0,28.0,1
2015.0,9.615385,0.0,0.0,32.0,1
2015.0,72.11539,1.0,0.0,28.0,1
2015.0,57.692307,1.0,0.0,33.0,1
2015.0,5.769231,0.0,1.0,26.0,1
2015.0,20.726496,1.0,1.0,25.0,1
2015.0,44.23077,1.0,0.0,28.0,1
2015.0,36.057693,1.0,1.0,28.0,1
2015.0,16.826923,1.0,1.0,25.0,1
2015.0,14.423077,0.0,0.0,28.0,1
2015.0,19.23077,0.0,0.0,30.0,1
2015.0,14.951923,0.0,0.0,26.0,1
2015.0,26.442308,1.0,1.0,29.0,1
2015.0,10.817307,1.0,1.0,33.0,1
2015.0,16.02564,1.0,0.0,29.0,1
2015.0,12.019231,0.0,1.0,31.0,1
2015.0,42.78846,1.0,0.0,27.0,1
2015.0,28.846153,1.0,1.0,29.0,1
2015.0,69.23077,1.0,0.0,34.0,1
2015.0,13.461538,0.0,1.0,29.0,1
2015.0,28.365385,1.0,0.0,33.0,1
2015.0,15.625,0.0,1.0,33.0,1
2015.0,36.324787,0.0,0.0,28.0,1
2015.0,35.096153,1.0,0.0,28.0,1
2015.0,21.153847,1.0,0.0,30.0,1
2015.0,4.326923,0.0,0.0,25.0,1
2015.0,9.615385,0.0,1.0,27.0,1
2015.0,38.942307,0.0,0.0,34.0,1
2015.0,10.576923,0.0,0.0,25.0,1
2015.0,19.23077,0.0,1.0,25.0,1
2015.0,46.153847,1.0,0.0,26.0,1
2015.0,17.307692,1.0,0.0,30.0,1
2015.0,24.038462,1.0,0.0,28.0,1
2015.0,53.846153,1.0,1.0,28.0,1
2015.0,34.615383,1.0,0.0,33.0,1
2015.0,12.019231,1.0,1.0,30.0,1
2015.0,36.057693,1.0,0.0,32.0,1
2015.0,16.923077,1.0,1.0,25.0,1
2015.0,34.615383,0.0,0.0,34.0,1
2015.0,36.057693,1.0,0.0,30.0,1
2015.0,28.846153,1.0,1.0,29.0,1
2015.0,12.406593,1.0,1.0,29.0,1
2015.0,36.858974,1.0,0.0,28.0,1
2015.0,36.858974,1.0,1.0,29.0,1
2015.0,44.71154,1.0,0.0,29.0,1
2015.0,20.408163,1.0,0.0,27.0,1
2015.0,18.423077,1.0,1.0,32.0,1
2015.0,30.76923,1.0,1.0,29.0,1
2015.0,28.846153,1.0,0.0,32.0,1
2015.0,27.5,1.0,1.0,26.0,1
2015.0,25.396826,1.0,1.0,26.0,1
2015.0,32.05128,1.0,0.0,33.0,1
2015.0,21.634615,1.0,1.0,25.0,1
2015.0,20.879122,1.0,1.0,34.0,1
2015.0,31.25,1.0,0.0,29.0,1
2015.0,23.076923,1.0,1.0,26.0,1
2015.0,24.038462,1.0,0.0,26.0,1
2015.0,42.5,1.0,0.0,27.0,1
2015.0,18.181818,1.0,1.0,27.0,1
2015.0,38.46154,1.0,0.0,34.0,1
2015.0,28.846153,1.0,0.0,33.0,1
2015.0,16.826923,0.0,1.0,29.0,1
2015.0,25.0,1.0,0.0,25.0,1
2015.0,39.423077,1.0,1.0,26.0,1
2015.0,24.038462,1.0,1.0,26.0,1
2015.0,60.096153,1.0,1.0,34.0,1
2015.0,25.120192,1.0,1.0,25.0,1
2015.0,32.692307,1.0,0.0,31.0,1
2015.0,19.23077,1.0,1.0,28.0,1
2015.0,16.239317,1.0,1.0,25.0,1
2015.0,12.019231,1.0,1.0,27.0,1
2015.0,5.2884617,0.0,0.0,26.0,1
2015.0,13.736263,0.0,0.0,34.0,1
2015.0,14.903846,1.0,1.0,29.0,1
2015.0,44.23077,1.0,0.0,30.0,1
2015.0,38.46154,1.0,1.0,31.0,1
2015.0,41.826923,1.0,0.0,31.0,1
2015.0,14.423077,1.0,1.0,25.0,1
2015.0,8.9,0.0,0.0,30.0,1
2015.0,23.504274,1.0,0.0,32.0,1
2015.0,11.880342,1.0,0.0,32.0,1
2015.0,40.865383,1.0,0.0,33.0,1
2015.0,20.94017,1.0,1.0,33.0,1
2015.0,14.423077,1.0,1.0,30.0,1
2015.0,17.548077,1.0,0.0,28.0,1
2015.0,15.384615,0.0,1.0,25.0,1
2015.0,29.0,1.0,1.0,25.0,1
2015.0,17.712551,1.0,1.0,26.0,1
2015.0,27.403847,1.0,1.0,32.0,1
2015.0,26.153847,1.0,0.0,29.0,1
2015.0,14.423077,0.0,0.0,34.0,1
2015.0,12.019231,0.0,1.0,29.0,1
2015.0,46.153847,1.0,0.0,28.0,1
2015.0,28.846153,1.0,1.0,32.0,1
2015.0,33.653847,0.0,0.0,28.0,1
2015.0,10.0,0.0,0.0,27.0,1
2015.0,22.307692,1.0,1.0,30.0,1
2015.0,25.0,1.0,1.0,29.0,1
2015.0,7.2115383,0.0,0.0,26.0,1
2015.0,28.846153,1.0,0.0,28.0,1
2015.0,29.807692,1.0,1.0,26.0,1
2015.0,23.076923,1.0,1.0,32.0,1
2015.0,14.958119,0.0,0.0,34.0,1
2015.0,7.2115383,0.0,0.0,34.0,1
2015.0,13.461538,0.0,0.0,34.0,1
2015.0,13.846154,0.0,0.0,29.0,1
2015.0,14.423077,1.0,1.0,25.0,1
2015.0,22.596153,1.0,1.0,27.0,1
2015.0,39.186058,1.0,1.0,26.0,1
2015.0,26.923077,0.0,1.0,33.0,1
2015.0,16.826923,0.0,1.0,33.0,1
2015.0,10.989011,0.0,1.0,26.0,1
2015.0,13.461538,1.0,0.0,25.0,1
2015.0,7.5,0.0,1.0,32.0,1
2015.0,17.788462,0.0,1.0,25.0,1
2015.0,11.057693,1.0,0.0,32.0,1
2015.0,5.2267013,0.0,1.0,28.0,1
2015.0,18.75,1.0,1.0,25.0,1
2015.0,25.0,1.0,0.0,30.0,1
2015.0,29.807692,1.0,1.0,29.0,1
2015.0,21.794872,1.0,0.0,26.0,1
2015.0,34.935898,1.0,1.0,25.0,1
2015.0,13.333333,1.0,0.0,26.0,1
2015.0,8.653846,0.0,0.0,28.0,1
2015.0,45.673077,1.0,0.0,29.0,1
2015.0,15.10989,1.0,0.0,27.0,1
2015.0,13.942307,0.0,1.0,27.0,1
2015.0,12.5,0.0,1.0,34.0,1
2015.0,15.384615,1.0,0.0,25.0,1
2015.0,27.403847,1.0,0.0,26.0,1
2015.0,15.240385,0.0,1.0,29.0,1
2015.0,32.692307,1.0,0.0,26.0,1
2015.0,39.423077,1.0,1.0,30.0,1
2015.0,21.005917,1.0,0.0,26.0,1
2015.0,9.615385,0.0,0.0,30.0,1
2015.0,13.333333,1.0,0.0,34.0,1
2015.0,14.423077,0.0,0.0,25.0,1
2015.0,19.711538,1.0,0.0,28.0,1
2015.0,24.038462,1.0,0.0,31.0,1
2015.0,16.239317,1.0,1.0,25.0,1
2015.0,19.23077,1.0,0.0,29.0,1
2015.0,36.057693,1.0,0.0,26.0,1
2015.0,31.25,1.0,1.0,26.0,1
2015.0,16.826923,1.0,1.0,25.0,1
2015.0,21.634615,1.0,1.0,33.0,1
2015.0,4.0384617,0.0,1.0,25.0,1
2015.0,62.5,1.0,1.0,33.0,1
2015.0,13.942307,1.0,1.0,34.0,1
2015.0,16.826923,0.0,0.0,30.0,1
2015.0,15.0,0.0,1.0,28.0,1
2015.0,24.038462,1.0,1.0,32.0,1
2015.0,18.26923,1.0,0.0,30.0,1
2015.0,36.713287,1.0,0.0,33.0,1
2015.0,19.23077,1.0,0.0,26.0,1
2015.0,28.365385,1.0,0.0,26.0,1
2015.0,13.675214,1.0,0.0,26.0,1
2015.0,15.734265,0.0,0.0,33.0,1
2015.0,12.019231,0.0,0.0,31.0,1
2015.0,12.615385,0.0,1.0,25.0,1
2015.0,25.0,1.0,0.0,34.0,1
2015.0,15.384615,1.0,1.0,33.0,1
2015.0,21.794872,1.0,0.0,29.0,1
2015.0,26.442308,0.0,0.0,31.0,1
2015.0,28.846153,1.0,1.0,31.0,1
2015.0,16.826923,1.0,1.0,31.0,1
2015.0,18.26923,0.0,0.0,33.0,1
2015.0,19.711538,1.0,1.0,25.0,1
2015.0,10.576923,0.0,0.0,28.0,1
2015.0,19.551283,0.0,0.0,28.0,1
2015.0,17.307692,1.0,0.0,27.0,1
2015.0,18.285715,0.0,0.0,34.0,1
2015.0,24.955437,1.0,0.0,29.0,1
2015.0,9.340659,0.0,1.0,28.0,1
2015.0,28.846153,1.0,1.0,28.0,1
2015.0,52.884617,1.0,0.0,27.0,1
2015.0,3.2692308,1.0,0.0,30.0,1
2015.0,25.0,1.0,1.0,29.0,1
2015.0,15.384615,0.0,0.0,30.0,1
2015.0,16.826923,0.0,0.0,29.0,1
2015.0,37.39316,1.0,1.0,34.0,1
2015.0,19.65812,1.0,1.0,25.0,1
2015.0,26.923077,1.0,1.0,34.0,1
2015.0,18.653847,1.0,1.0,34.0,1
2015.0,13.221154,0.0,0.0,30.0,1
2015.0,12.019231,0.0,1.0,34.0,1
2015.0,31.25,1.0,0.0,26.0,1
2015.0,16.987179,1.0,0.0,34.0,1
2015.0,23.076923,0.0,0.0,34.0,1
2015.0,31.25,1.0,1.0,32.0,1
2015.0,23.076923,1.0,0.0,33.0,1
2015.0,21.634615,0.0,1.0,30.0,1
2015.0,12.5,0.0,1.0,31.0,1
2015.0,7.2115383,0.0,0.0,31.0,1
2015.0,9.615385,0.0,1.0,25.0,1
2015.0,28.846153,1.0,1.0,33.0,1
2015.0,17.5,0.0,0.0,31.0,1
2015.0,14.663462,0.0,0.0,25.0,1
2015.0,10.096154,0.0,1.0,30.0,1
2015.0,27.403847,1.0,0.0,27.0,1
2015.0,14.792899,0.0,0.0,25.0,1
2015.0,10.576923,0.0,1.0,31.0,1
2015.0,15.865385,1.0,1.0,31.0,1
2015.0,15.811966,1.0,1.0,29.0,1
2015.0,38.46154,1.0,0.0,30.0,1
2015.0,16.642012,1.0,1.0,25.0,1
2015.0,19.231731,1.0,0.0,28.0,1
2015.0,9.615385,0.0,1.0,26.0,1
2015.0,5.6490383,0.0,0.0,25.0,1
2015.0,19.23077,1.0,1.0,26.0,1
2015.0,19.23077,1.0,1.0,34.0,1
2015.0,16.153847,0.0,1.0,34.0,1
2015.0,16.153847,1.0,1.0,30.0,1
2015.0,13.461538,0.0,0.0,30.0,1
2015.0,21.153847,1.0,1.0,30.0,1
2015.0,15.384615,0.0,1.0,28.0,1
2015.0,25.0,0.0,0.0,33.0,1
2015.0,52.403847,1.0,0.0,28.0,1
2015.0,12.019231,0.0,0.0,32.0,1
2015.0,14.423077,0.0,0.0,26.0,1
2015.0,21.153847,1.0,0.0,29.0,1
2015.0,4.8076925,1.0,0.0,28.0,1
2015.0,14.423077,1.0,1.0,27.0,1
2015.0,16.826923,1.0,0.0,25.0,1
2015.0,18.0,0.0,1.0,31.0,1
2015.0,9.89011,1.0,0.0,33.0,1
2015.0,21.153847,1.0,1.0,29.0,1
2015.0,20.85,1.0,1.0,33.0,1
2015.0,32.307693,1.0,0.0,32.0,1
2015.0,14.0,0.0,1.0,33.0,1
2015.0,7.6028624,0.0,1.0,29.0,1
2015.0,19.23077,1.0,0.0,30.0,1
2015.0,19.23077,1.0,0.0,33.0,1
2015.0,33.854168,1.0,0.0,30.0,1
2015.0,28.461538,1.0,0.0,25.0,1
2015.0,19.23077,1.0,1.0,26.0,1
2015.0,36.057693,1.0,1.0,29.0,1
2015.0,43.26923,1.0,0.0,32.0,1
2015.0,33.11966,1.0,1.0,31.0,1
2015.0,3.8461537,0.0,0.0,25.0,1
2015.0,24.038462,1.0,1.0,33.0,1
2015.0,23.89423,1.0,1.0,34.0,1
2015.0,25.0,1.0,0.0,30.0,1
2015.0,26.201923,1.0,1.0,27.0,1
2015.0,32.692307,1.0,0.0,34.0,1
2015.0,28.061224,1.0,1.0,30.0,1
2015.0,27.403847,1.0,0.0,30.0,1
2015.0,19.23077,0.0,0.0,30.0,1
2015.0,65.5,0.0,0.0,28.0,1
2015.0,21.634615,0.0,0.0,29.0,1
2015.0,18.75,0.0,0.0,25.0,1
2015.0,37.692307,1.0,0.0,31.0,1
2015.0,27.884615,1.0,1.0,26.0,1
2015.0,28.646154,1.0,1.0,28.0,1
2015.0,12.019231,0.0,0.0,27.0,1
2015.0,20.242914,1.0,1.0,29.0,1
2015.0,19.23077,1.0,1.0,30.0,1
2015.0,18.365385,1.0,1.0,25.0,1
2015.0,33.653847,1.0,0.0,30.0,1
2015.0,24.725275,0.0,1.0,33.0,1
2015.0,10.096154,1.0,1.0,28.0,1
2015.0,16.483517,0.0,1.0,34.0,1
2015.0,29.326923,1.0,0.0,30.0,1
2015.0,19.23077,1.0,0.0,27.0,1
2015.0,45.673077,0.0,0.0,34.0,1
2015.0,14.423077,0.0,0.0,31.0,1
2015.0,17.307692,1.0,1.0,34.0,1
2015.0,24.038462,1.0,1.0,26.0,1
2015.0,26.4,1.0,0.0,28.0,1
2015.0,7.0376434,0.0,0.0,28.0,1
2015.0,16.826923,1.0,0.0,29.0,1
2015.0,19.23077,1.0,0.0,29.0,1
2015.0,5.4945054,0.0,1.0,28.0,1
2015.0,48.077885,1.0,1.0,26.0,1
2015.0,60.0,1.0,0.0,32.0,1
2015.0,60.0,1.0,0.0,29.0,1
2015.0,26.201923,1.0,1.0,33.0,1
2015.0,13.942307,0.0,1.0,31.0,1
2015.0,39.423077,0.0,0.0,30.0,1
2015.0,5.769231,1.0,0.0,30.0,1
2015.0,5.2083335,0.0,1.0,27.0,1
2015.0,20.192308,1.0,0.0,33.0,1
2015.0,8.653846,1.0,1.0,28.0,1
2015.0,23.076923,1.0,0.0,29.0,1
2015.0,39.903847,1.0,1.0,28.0,1
2015.0,30.21978,1.0,1.0,28.0,1
2015.0,20.08547,0.0,0.0,26.0,1
2015.0,20.192308,1.0,0.0,32.0,1
2015.0,28.846153,1.0,1.0,30.0,1
2015.0,12.6373625,0.0,0.0,33.0,1
2015.0,17.307692,0.0,0.0,33.0,1
2015.0,8.557693,0.0,0.0,28.0,1
2015.0,20.541958,1.0,0.0,34.0,1
2015.0,16.346153,0.0,1.0,30.0,1
2015.0,6.5934067,0.0,0.0,26.0,1
2015.0,24.615385,1.0,0.0,32.0,1
2015.0,27.777779,0.0,1.0,32.0,1
2015.0,16.346153,0.0,1.0,26.0,1
2015.0,13.0,0.0,0.0,25.0,1
2015.0,25.641026,1.0,1.0,29.0,1
2015.0,12.5,0.0,0.0,30.0,1
2015.0,22.435898,1.0,0.0,32.0,1
2015.0,17.788462,1.0,1.0,34.0,1
2015.0,13.736263,0.0,1.0,30.0,1
2015.0,14.423077,1.0,1.0,29.0,1
2015.0,16.826923,0.0,0.0,34.0,1
2015.0,21.634615,0.0,0.0,32.0,1
2015.0,14.903846,0.0,0.0,34.0,1
2015.0,15.384615,0.0,0.0,26.0,1
2015.0,16.826923,0.0,0.0,31.0,1
2015.0,10.682693,0.0,1.0,25.0,1
2015.0,19.23077,0.0,0.0,30.0,1
2015.0,19.23077,0.0,0.0,34.0,1
2015.0,11.538462,1.0,1.0,29.0,1
2015.0,4.2735043,0.0,1.0,30.0,1
2015.0,14.423077,0.0,0.0,31.0,1
2015.0,16.826923,1.0,0.0,33.0,1
2015.0,9.725,0.0,1.0,28.0,1
2015.0,23.504274,0.0,0.0,34.0,1
2015.0,15.592516,1.0,1.0,31.0,1
2015.0,15.710096,0.0,0.0,32.0,1
2015.0,31.73077,0.0,0.0,26.0,1
2015.0,11.923077,0.0,0.0,27.0,1
2015.0,25.874126,1.0,0.0,27.0,1
2015.0,10.989011,1.0,0.0,32.0,1
2015.0,17.788462,0.0,1.0,28.0,1
2015.0,14.423077,0.0,1.0,26.0,1
2015.0,29.807692,1.0,1.0,28.0,1
2015.0,19.23077,1.0,1.0,33.0,1
2015.0,21.634615,0.0,0.0,31.0,1
2015.0,12.937063,0.0,0.0,26.0,1
2015.0,9.230769,1.0,1.0,31.0,1
2015.0,17.307692,1.0,1.0,29.0,1
2015.0,7.9326925,1.0,0.0,25.0,1
2015.0,11.778846,0.0,1.0,29.0,1
2015.0,10.256411,0.0,0.0,25.0,1
2015.0,9.230769,0.0,0.0,28.0,1
2015.0,50.48077,0.0,0.0,27.0,1
2015.0,12.019231,0.0,0.0,31.0,1
2015.0,11.057693,0.0,0.0,32.0,1
2015.0,23.25,1.0,1.0,33.0,1
2015.0,17.921568,0.0,0.0,28.0,1
2015.0,11.094674,1.0,1.0,26.0,1
2015.0,20.066889,1.0,0.0,34.0,1
2015.0,26.442308,0.0,0.0,26.0,1
2015.0,7.2115383,0.0,1.0,25.0,1
2015.0,15.961538,1.0,0.0,34.0,1
2015.0,18.26923,0.0,0.0,31.0,1
2015.0,6.6346154,0.0,0.0,29.0,1
2015.0,18.26923,0.0,0.0,25.0,1
2015.0,19.23077,0.0,0.0,28.0,1
2015.0,17.307692,0.0,0.0,25.0,1
2015.0,10.817307,0.0,1.0,34.0,1
2015.0,12.980769,0.0,0.0,29.0,1
2015.0,15.384615,0.0,0.0,32.0,1
2015.0,49.03846,1.0,0.0,25.0,1
2015.0,9.008097,0.0,0.0,25.0,1
2015.0,19.23077,0.0,0.0,25.0,1
2015.0,26.8285,0.0,0.0,29.0,1
2015.0,16.826923,0.0,1.0,33.0,1
2015.0,13.942307,1.0,1.0,31.0,1
2015.0,7.2115383,0.0,1.0,34.0,1
2015.0,9.615385,0.0,1.0,33.0,1
2015.0,9.615385,0.0,1.0,33.0,1
2015.0,11.538462,0.0,0.0,31.0,1
2015.0,20.08547,0.0,0.0,34.0,1
2015.0,32.05128,1.0,0.0,34.0,1
2015.0,5.769231,0.0,1.0,32.0,1
2015.0,25.48077,0.0,1.0,34.0,1
2015.0,18.26923,0.0,0.0,32.0,1
2015.0,12.019231,0.0,1.0,26.0,1
2015.0,15.384615,0.0,0.0,27.0,1
2015.0,45.673077,0.0,0.0,33.0,1
2015.0,36.057693,1.0,0.0,33.0,1
2015.0,20.192308,1.0,1.0,30.0,1
2015.0,18.860947,1.0,1.0,33.0,1
2015.0,14.423077,0.0,0.0,30.0,1
2015.0,25.961538,1.0,0.0,34.0,1
2015.0,32.307693,1.0,0.0,26.0,1
2015.0,12.398786,1.0,1.0,26.0,1
2015.0,22.596153,0.0,1.0,32.0,1
2015.0,8.176042,1.0,1.0,26.0,1
2015.0,33.653847,1.0,0.0,34.0,1
2015.0,35.096153,0.0,0.0,30.0,1
2015.0,32.05128,0.0,0.0,34.0,1
2015.0,18.26923,1.0,1.0,33.0,1
2015.0,16.826923,0.0,0.0,34.0,1
2015.0,53.755287,1.0,0.0,28.0,1
2015.0,12.019231,0.0,0.0,25.0,1
2015.0,8.0,0.0,1.0,34.0,1
2015.0,7.269231,0.0,1.0,31.0,1
2015.0,9.0,0.0,0.0,28.0,1
2015.0,24.038462,1.0,0.0,31.0,1
2015.0,13.736263,1.0,0.0,25.0,1
2015.0,36.057693,0.0,0.0,28.0,1
2015.0,28.846153,0.0,1.0,30.0,1
2015.0,12.5,0.0,0.0,26.0,1
2015.0,28.846153,1.0,0.0,33.0,1
2015.0,14.423077,0.0,0.0,27.0,1
2015.0,48.077885,1.0,1.0,32.0,1
2015.0,26.923077,0.0,0.0,29.0,1
2015.0,16.483517,0.0,0.0,34.0,1
2015.0,9.340659,0.0,1.0,30.0,1
2015.0,12.019231,0.0,0.0,31.0,1
2015.0,20.192308,1.0,1.0,34.0,1
2015.0,15.384615,0.0,0.0,25.0,1
2015.0,14.423077,0.0,1.0,27.0,1
2015.0,10.285714,0.0,0.0,27.0,1
2015.0,16.346153,0.0,1.0,28.0,1
2015.0,22.370487,1.0,1.0,29.0,1
2015.0,15.384615,1.0,1.0,26.0,1
2015.0,11.538462,0.0,1.0,34.0,1
2015.0,7.1725574,0.0,1.0,29.0,1
2015.0,40.865383,0.0,0.0,33.0,1
2015.0,17.307692,0.0,1.0,28.0,1
2015.0,14.423077,0.0,0.0,34.0,1
2015.0,13.286714,0.0,0.0,34.0,1
2015.0,27.24359,1.0,1.0,29.0,1
2015.0,19.23077,0.0,0.0,25.0,1
2015.0,10.6285715,1.0,1.0,33.0,1
2015.0,24.038462,1.0,1.0,27.0,1
2015.0,6.730769,0.0,1.0,26.0,1
2015.0,10.682693,1.0,1.0,31.0,1
2015.0,17.307692,0.0,0.0,32.0,1
2015.0,19.611538,1.0,0.0,32.0,1
2015.0,17.307692,1.0,0.0,29.0,1
2015.0,16.0,0.0,1.0,29.0,1
2015.0,11.538462,0.0,1.0,30.0,1
2015.0,8.461538,0.0,0.0,25.0,1
2015.0,16.0,0.0,0.0,25.0,1
2015.0,23.990385,0.0,1.0,29.0,1
2015.0,16.239317,0.0,0.0,31.0,1
2015.0,27.163462,0.0,0.0,31.0,1
2015.0,10.817307,1.0,1.0,32.0,1
2015.0,9.050481,1.0,1.0,26.0,1
2015.0,35.096153,0.0,1.0,29.0,1
2015.0,36.057693,1.0,0.0,30.0,1
2015.0,26.923077,1.0,0.0,25.0,1
2015.0,19.23077,1.0,0.0,29.0,1
2015.0,57.692307,1.0,1.0,30.0,1
2015.0,31.25,1.0,0.0,34.0,1
2015.0,20.673077,1.0,1.0,32.0,1
2015.0,16.826923,1.0,1.0,29.0,1
2015.0,8.5470085,0.0,0.0,27.0,1
2015.0,14.337063,1.0,1.0,26.0,1
2015.0,17.548077,1.0,1.0,28.0,1
2015.0,24.038462,1.0,1.0,31.0,1
2015.0,18.761726,1.0,1.0,30.0,1
2015.0,12.019231,0.0,1.0,26.0,1
2015.0,12.019231,0.0,1.0,29.0,1
2015.0,51.28205,1.0,0.0,32.0,1
2015.0,3.4855769,1.0,1.0,30.0,1
2015.0,23.461538,1.0,0.0,34.0,1
2015.0,19.23077,1.0,1.0,32.0,1
2015.0,48.076923,1.0,0.0,29.0,1
2015.0,38.46154,1.0,1.0,25.0,1
2015.0,19.23077,1.0,1.0,28.0,1
2015.0,16.826923,1.0,1.0,30.0,1
2015.0,26.923077,1.0,0.0,29.0,1
2015.0,38.46154,1.0,1.0,31.0,1
2015.0,37.01923,1.0,1.0,30.0,1
2015.0,16.0,1.0,0.0,30.0,1
2015.0,13.888889,0.0,0.0,28.0,1
2015.0,15.384615,0.0,0.0,31.0,1
2015.0,19.23077,1.0,1.0,31.0,1
2015.0,13.461538,0.0,0.0,34.0,1
2015.0,14.423077,0.0,0.0,33.0,1
2015.0,48.076923,1.0,0.0,34.0,1
2015.0,12.5,0.0,1.0,34.0,1
2015.0,23.504274,1.0,0.0,32.0,1
2015.0,19.23077,1.0,1.0,25.0,1
2015.0,13.141026,1.0,0.0,29.0,1
2015.0,26.442308,1.0,1.0,33.0,1
2015.0,15.576923,1.0,1.0,33.0,1
2015.0,18.26923,1.0,1.0,29.0,1
2015.0,15.384615,1.0,0.0,28.0,1
2015.0,9.615385,1.0,1.0,25.0,1
2015.0,24.038462,1.0,1.0,31.0,1
2015.0,9.480769,1.0,0.0,33.0,1
2015.0,19.23077,0.0,0.0,29.0,1
2015.0,10.615385,0.0,0.0,32.0,1
2015.0,32.967033,1.0,0.0,25.0,1
2015.0,20.512821,0.0,0.0,34.0,1
2015.0,12.5,0.0,1.0,34.0,1
2015.0,14.423077,1.0,1.0,25.0,1
2015.0,12.5,1.0,0.0,26.0,1
2015.0,16.826923,0.0,0.0,30.0,1
2015.0,3.956044,0.0,0.0,34.0,1
2015.0,14.909091,0.0,0.0,33.0,1
2015.0,23.557692,0.0,0.0,31.0,1
2015.0,9.615385,0.0,1.0,29.0,1
2015.0,18.26923,0.0,0.0,33.0,1
2015.0,15.384615,0.0,1.0,31.0,1
2015.0,18.26923,0.0,0.0,25.0,1
2015.0,9.081197,1.0,1.0,29.0,1
2015.0,12.432432,0.0,1.0,26.0,1
2015.0,15.384615,0.0,0.0,33.0,1
2015.0,19.23077,0.0,0.0,34.0,1
2015.0,15.384615,0.0,0.0,28.0,1
2015.0,14.31127,1.0,1.0,34.0,1
2015.0,20.14652,0.0,0.0,32.0,1
2015.0,5.769231,0.0,1.0,34.0,1
2015.0,9.615385,0.0,0.0,26.0,1
2015.0,16.483517,1.0,0.0,26.0,1
2015.0,13.313609,0.0,0.0,30.0,1
2015.0,15.0,1.0,1.0,27.0,1
2015.0,14.423077,0.0,1.0,26.0,1
2015.0,7.3964496,0.0,0.0,33.0,1
2015.0,9.615385,0.0,0.0,28.0,1
2015.0,17.788462,0.0,1.0,28.0,1
2015.0,19.23077,1.0,1.0,29.0,1
2015.0,29.807692,1.0,0.0,25.0,1
2015.0,70.51282,1.0,1.0,25.0,1
2015.0,10.576923,1.0,1.0,25.0,1
2015.0,26.923077,1.0,0.0,31.0,1
2015.0,12.019231,0.0,0.0,28.0,1
2015.0,30.76923,1.0,0.0,25.0,1
2015.0,19.23077,1.0,1.0,27.0,1
2015.0,37.01923,1.0,1.0,28.0,1
2015.0,17.788462,1.0,0.0,29.0,1
2015.0,12.019231,0.0,0.0,28.0,1
2015.0,11.538462,0.0,0.0,25.0,1
2015.0,64.10256,1.0,0.0,33.0,1
2015.0,19.711538,0.0,1.0,33.0,1
2015.0,10.769231,1.0,0.0,29.0,1
2015.0,24.038462,1.0,1.0,26.0,1
2015.0,31.25,1.0,0.0,28.0,1
2015.0,19.23077,1.0,0.0,28.0,1
2015.0,28.846153,1.0,1.0,29.0,1
2015.0,11.752137,1.0,1.0,32.0,1
2015.0,76.92308,1.0,0.0,30.0,1
2015.0,33.653847,1.0,1.0,31.0,1
2015.0,26.923077,1.0,1.0,27.0,1
2015.0,12.5,0.0,0.0,30.0,1
2015.0,20.0,1.0,1.0,28.0,1
2015.0,34.615383,1.0,0.0,32.0,1
2015.0,20.192308,1.0,1.0,31.0,1
2015.0,23.901098,1.0,1.0,31.0,1
2015.0,16.826923,1.0,1.0,32.0,1
2015.0,11.25,0.0,1.0,29.0,1
2015.0,28.846153,0.0,0.0,34.0,1
2015.0,21.634615,1.0,1.0,25.0,1
2015.0,32.692307,1.0,1.0,32.0,1
2015.0,72.11539,1.0,0.0,33.0,1
2015.0,7.0,0.0,1.0,26.0,1
2015.0,9.0,0.0,0.0,28.0,1
2015.0,24.038462,1.0,1.0,30.0,1
2015.0,48.076923,1.0,0.0,31.0,1
2015.0,14.663462,1.0,1.0,34.0,1
2015.0,12.019231,1.0,1.0,32.0,1
2015.0,25.987526,1.0,0.0,29.0,1
2015.0,8.333333,0.0,0.0,32.0,1
2015.0,12.943787,0.0,0.0,32.0,1
2015.0,11.538462,0.0,0.0,28.0,1
2015.0,44.23077,0.0,0.0,26.0,1
2015.0,14.903846,0.0,1.0,29.0,1
2015.0,12.980769,0.0,1.0,27.0,1
2015.0,10.096154,0.0,0.0,32.0,1
2015.0,15.384615,1.0,0.0,27.0,1
2015.0,18.509615,1.0,1.0,28.0,1
2015.0,27.403847,1.0,1.0,34.0,1
2015.0,7.5,0.0,1.0,30.0,1
2015.0,17.788462,0.0,0.0,34.0,1
2015.0,24.038462,1.0,0.0,34.0,1
2015.0,22.222221,0.0,0.0,33.0,1
2015.0,17.6,0.0,1.0,25.0,1
2015.0,33.653847,1.0,0.0,33.0,1
2015.0,19.23077,1.0,1.0,29.0,1
2015.0,14.423077,1.0,0.0,34.0,1
2015.0,17.712551,1.0,1.0,28.0,1
2015.0,18.509615,1.0,1.0,34.0,1
2015.0,18.491125,1.0,1.0,28.0,1
2015.0,18.846153,1.0,0.0,30.0,1
2015.0,14.903846,0.0,1.0,26.0,1
2015.0,28.846153,1.0,1.0,33.0,1
2015.0,12.651822,0.0,1.0,27.0,1
2015.0,16.826923,0.0,0.0,33.0,1
2015.0,19.23077,1.0,1.0,25.0,1
2015.0,29.893269,0.0,0.0,32.0,1
2015.0,13.736263,1.0,0.0,29.0,1
2015.0,16.826923,1.0,0.0,28.0,1
2015.0,16.826923,1.0,0.0,29.0,1
2015.0,15.384615,0.0,0.0,34.0,1
2015.0,16.826923,0.0,1.0,31.0,1
2015.0,4.8076925,1.0,1.0,31.0,1
2015.0,6.5934067,0.0,0.0,27.0,1
2015.0,15.734265,0.0,0.0,30.0,1
2015.0,24.038462,1.0,1.0,26.0,1
2015.0,14.519231,1.0,0.0,25.0,1
2015.0,21.634615,1.0,0.0,26.0,1
2015.0,10.817307,1.0,1.0,25.0,1
2015.0,14.903846,0.0,0.0,29.0,1
2015.0,38.46154,1.0,1.0,34.0,1
2015.0,9.5,0.0,1.0,26.0,1
2015.0,14.423077,0.0,1.0,34.0,1
2015.0,16.642012,0.0,1.0,34.0,1
2015.0,9.615385,0.0,1.0,33.0,1
2015.0,21.901442,1.0,0.0,31.0,1
2015.0,18.75,1.0,1.0,25.0,1
2015.0,53.846153,1.0,1.0,26.0,1
2015.0,12.5,1.0,0.0,34.0,1
2015.0,8.25,0.0,1.0,33.0,1
2015.0,8.516483,0.0,0.0,33.0,1
2015.0,26.5625,0.0,0.0,27.0,1
2015.0,14.423077,1.0,1.0,30.0,1
2015.0,7.2115383,0.0,1.0,26.0,1
2015.0,12.980769,0.0,1.0,28.0,1
2015.0,14.423077,0.0,0.0,33.0,1
2015.0,9.615385,0.0,0.0,28.0,1
2015.0,16.586538,0.0,1.0,28.0,1
2015.0,25.76923,0.0,0.0,27.0,1
2015.0,36.06202,1.0,1.0,34.0,1
2015.0,11.538462,0.0,1.0,29.0,1
2015.0,13.942307,1.0,1.0,26.0,1
2015.0,31.25,1.0,0.0,32.0,1
2015.0,16.826923,0.0,0.0,31.0,1
2015.0,10.5,0.0,1.0,31.0,1
2015.0,7.6923075,0.0,1.0,28.0,1
2015.0,12.019231,0.0,0.0,30.0,1
2015.0,17.307692,1.0,0.0,29.0,1
2015.0,41.826923,1.0,0.0,29.0,1
2015.0,24.038462,1.0,1.0,29.0,1
2015.0,13.461538,0.0,0.0,29.0,1
2015.0,67.30769,1.0,0.0,32.0,1
2015.0,5.4945054,0.0,1.0,25.0,1
2015.0,40.865383,1.0,0.0,31.0,1
2015.0,19.23077,1.0,1.0,32.0,1
2015.0,28.461538,1.0,1.0,33.0,1
2015.0,28.846153,1.0,0.0,26.0,1
2015.0,16.826923,0.0,0.0,32.0,1
2015.0,27.027027,1.0,1.0,28.0,1
2015.0,8.076923,0.0,1.0,32.0,1
2015.0,16.826923,0.0,0.0,28.0,1
2015.0,32.21154,1.0,0.0,34.0,1
2015.0,7.3076925,0.0,1.0,33.0,1
2015.0,13.942307,0.0,1.0,28.0,1
2015.0,14.529915,0.0,1.0,33.0,1
2015.0,27.884615,1.0,0.0,25.0,1
2015.0,7.0913463,1.0,0.0,25.0,1
2015.0,32.05128,1.0,0.0,34.0,1
2015.0,27.884615,0.0,0.0,25.0,1
2015.0,7.6923075,0.0,1.0,31.0,1
2015.0,12.019231,0.0,0.0,34.0,1
2015.0,6.923077,0.0,0.0,27.0,1
2015.0,11.25,0.0,0.0,29.0,1
2015.0,19.23077,0.0,1.0,26.0,1
2015.0,22.222221,0.0,0.0,30.0,1
2015.0,9.615385,0.0,0.0,30.0,1
2015.0,21.634615,0.0,0.0,33.0,1
2015.0,20.09804,1.0,1.0,31.0,1
2015.0,7.5,0.0,1.0,32.0,1
2015.0,21.367521,1.0,1.0,28.0,1
2015.0,21.153847,0.0,0.0,34.0,1
2015.0,19.23077,0.0,1.0,32.0,1
2015.0,14.423077,0.0,0.0,26.0,1
2015.0,30.0,0.0,0.0,33.0,1
2015.0,40.865383,1.0,0.0,27.0,1
2015.0,26.442308,0.0,0.0,33.0,1
2015.0,18.69658,0.0,1.0,34.0,1
2015.0,14.792899,1.0,1.0,30.0,1
2015.0,10.576923,0.0,1.0,29.0,1
2015.0,21.367521,1.0,0.0,32.0,1
2015.0,13.461538,0.0,1.0,29.0,1
2015.0,16.826923,0.0,0.0,30.0,1
2015.0,33.333332,1.0,0.0,29.0,1
2015.0,18.26923,0.0,1.0,33.0,1
2015.0,9.615385,0.0,1.0,33.0,1
2015.0,12.980769,0.0,0.0,28.0,1
2015.0,9.891209,0.0,1.0,27.0,1
2015.0,27.777779,1.0,0.0,33.0,1
2015.0,11.133603,0.0,1.0,31.0,1
2015.0,9.615385,0.0,0.0,26.0,1
2015.0,14.903846,1.0,1.0,31.0,1
2015.0,17.788462,1.0,1.0,34.0,1
2015.0,15.139116,0.0,0.0,28.0,1
2015.0,14.230769,0.0,0.0,29.0,1
2015.0,38.46154,1.0,0.0,31.0,1
2015.0,26.442308,1.0,1.0,26.0,1
2015.0,9.615385,0.0,0.0,30.0,1
2015.0,10.576923,1.0,1.0,31.0,1
2015.0,17.307692,0.0,0.0,33.0,1
2015.0,12.019231,0.0,0.0,27.0,1
2015.0,16.826923,0.0,1.0,29.0,1
2015.0,13.020833,0.0,0.0,29.0,1
2015.0,14.102564,0.0,0.0,26.0,1
2015.0,22.307692,1.0,0.0,29.0,1
2015.0,30.289423,1.0,0.0,28.0,1
2015.0,33.653847,1.0,1.0,31.0,1
2015.0,30.288462,0.0,0.0,32.0,1
2015.0,64.10256,1.0,0.0,27.0,1
2015.0,26.442308,1.0,1.0,27.0,1
2015.0,16.433567,1.0,0.0,27.0,1
2015.0,22.692308,1.0,1.0,26.0,1
2015.0,24.326923,1.0,0.0,31.0,1
2015.0,38.46154,1.0,0.0,27.0,1
2015.0,60.320515,1.0,0.0,30.0,1
2015.0,28.846153,1.0,1.0,30.0,1
2015.0,36.057693,1.0,0.0,32.0,1
2015.0,21.634615,0.0,0.0,31.0,1
2015.0,16.239317,0.0,1.0,30.0,1
2015.0,19.23077,1.0,0.0,26.0,1
2015.0,19.23077,0.0,1.0,25.0,1
2015.0,40.59829,1.0,1.0,33.0,1
2015.0,4.326923,0.0,0.0,25.0,1
2015.0,12.307693,1.0,0.0,29.0,1
2015.0,24.038462,1.0,1.0,26.0,1
2015.0,21.634615,1.0,0.0,28.0,1
2015.0,18.783543,1.0,0.0,28.0,1
2015.0,43.26923,1.0,0.0,34.0,1
2015.0,12.980769,0.0,0.0,29.0,1
2015.0,12.019231,1.0,0.0,27.0,1
2015.0,9.615385,0.0,0.0,28.0,1
2015.0,16.826923,1.0,1.0,27.0,1
2015.0,31.25,1.0,0.0,32.0,1
2015.0,48.076923,1.0,1.0,31.0,1
2015.0,24.038462,1.0,0.0,28.0,1
2015.0,19.23077,1.0,0.0,25.0,1
2015.0,6.1658654,1.0,1.0,28.0,1
2015.0,11.217949,0.0,0.0,26.0,1
2015.0,14.903846,0.0,0.0,27.0,1
2015.0,8.25,0.0,1.0,29.0,1
2015.0,18.75,0.0,0.0,28.0,1
2015.0,13.186813,0.0,1.0,34.0,1
2015.0,21.634615,1.0,0.0,34.0,1
2015.0,16.826923,1.0,1.0,26.0,1
2015.0,16.153847,1.0,0.0,25.0,1
2015.0,7.6923075,0.0,0.0,29.0,1
2015.0,13.461538,0.0,0.0,28.0,1
2015.0,9.615385,0.0,0.0,33.0,1
2015.0,105.76923,1.0,0.0,31.0,1
2015.0,38.46154,1.0,0.0,27.0,1
2015.0,26.442308,1.0,0.0,29.0,1
2015.0,17.307692,1.0,1.0,34.0,1
2015.0,29.567308,1.0,1.0,34.0,1
2015.0,30.76923,1.0,0.0,28.0,1
2015.0,23.076923,1.0,1.0,29.0,1
2015.0,11.538462,1.0,1.0,34.0,1
2015.0,28.846153,1.0,1.0,33.0,1
2015.0,27.5,1.0,1.0,27.0,1
2015.0,10.576923,0.0,0.0,31.0,1
2015.0,12.5,0.0,1.0,30.0,1
2015.0,33.653847,1.0,1.0,28.0,1
2015.0,33.653847,1.0,1.0,28.0,1
2015.0,31.25,1.0,0.0,32.0,1
2015.0,14.793196,1.0,0.0,33.0,1
2015.0,9.134615,0.0,0.0,29.0,1
2015.0,15.384615,0.0,0.0,30.0,1
2015.0,21.634615,1.0,0.0,32.0,1
2015.0,24.475525,0.0,1.0,32.0,1
2015.0,24.038462,1.0,1.0,25.0,1
2015.0,40.865383,1.0,0.0,33.0,1
2015.0,14.423077,0.0,1.0,25.0,1
2015.0,16.826923,0.0,1.0,28.0,1
2015.0,16.826923,1.0,1.0,27.0,1
2015.0,34.615383,1.0,1.0,32.0,1
2015.0,10.576923,1.0,0.0,30.0,1
2015.0,26.442308,1.0,0.0,30.0,1
2015.0,13.942307,0.0,0.0,27.0,1
2015.0,13.942307,0.0,0.0,27.0,1
2015.0,13.942307,0.0,0.0,27.0,1
2015.0,7.0,1.0,1.0,30.0,1
2015.0,9.0,0.0,0.0,28.0,1
2015.0,7.6923075,0.0,0.0,33.0,1
2015.0,43.26923,1.0,0.0,33.0,1
2015.0,9.882479,1.0,0.0,28.0,1
2015.0,33.653847,1.0,0.0,28.0,1
2015.0,24.038462,1.0,0.0,25.0,1
2015.0,20.673077,0.0,0.0,29.0,1
2015.0,24.0,1.0,1.0,29.0,1
2015.0,21.5,0.0,1.0,26.0,1
2015.0,12.019231,0.0,1.0,29.0,1
2015.0,13.157895,0.0,0.0,32.0,1
2015.0,27.834007,1.0,1.0,27.0,1
2015.0,17.628204,0.0,0.0,30.0,1
2015.0,24.038462,1.0,1.0,28.0,1
2015.0,23.076923,1.0,0.0,34.0,1
2015.0,13.125,0.0,0.0,25.0,1
2015.0,72.11539,0.0,0.0,34.0,1
2015.0,19.23077,0.0,0.0,27.0,1
2015.0,20.913462,1.0,1.0,30.0,1
2015.0,34.615383,0.0,0.0,30.0,1
2015.0,7.08502,0.0,1.0,27.0,1
2015.0,20.125223,0.0,0.0,28.0,1
2015.0,13.461538,0.0,1.0,30.0,1
2015.0,20.0,0.0,0.0,32.0,1
2015.0,45.673077,0.0,0.0,31.0,1
2015.0,20.08547,0.0,1.0,31.0,1
2015.0,35.164837,0.0,0.0,29.0,1
2015.0,19.23077,1.0,1.0,32.0,1
2015.0,8.653846,0.0,1.0,34.0,1
2015.0,11.538462,0.0,0.0,26.0,1
2015.0,9.615385,0.0,0.0,32.0,1
2015.0,7.5,0.0,1.0,27.0,1
2015.0,19.23077,0.0,0.0,31.0,1
2015.0,30.21978,1.0,1.0,26.0,1
2015.0,17.948717,1.0,0.0,32.0,1
2015.0,26.442308,0.0,0.0,30.0,1
2015.0,9.615385,0.0,1.0,30.0,1
2015.0,14.022436,0.0,0.0,31.0,1
2015.0,57.692307,1.0,1.0,26.0,1
2015.0,28.133566,0.0,0.0,31.0,1
2015.0,10.0,0.0,1.0,33.0,1
2015.0,7.2115383,0.0,0.0,31.0,1
2015.0,13.0,0.0,0.0,26.0,1
2015.0,20.08547,0.0,0.0,26.0,1
2015.0,35.0,1.0,0.0,33.0,1
2015.0,9.615385,0.0,0.0,30.0,1
2015.0,19.23077,1.0,0.0,31.0,1
2015.0,9.82906,0.0,0.0,29.0,1
2015.0,10.096154,0.0,1.0,32.0,1
2015.0,55.28846,1.0,0.0,31.0,1
2015.0,8.173077,0.0,1.0,30.0,1
2015.0,25.0,0.0,1.0,30.0,1
2015.0,16.346153,0.0,0.0,29.0,1
2015.0,16.666666,1.0,1.0,25.0,1
2015.0,8.076923,0.0,1.0,30.0,1
2015.0,43.26923,0.0,0.0,30.0,1
2015.0,21.978022,0.0,1.0,26.0,1
2015.0,33.566433,1.0,0.0,32.0,1
2015.0,13.736263,1.0,0.0,25.0,1
2015.0,28.846153,0.0,1.0,29.0,1
2015.0,48.076923,0.0,1.0,30.0,1
2015.0,26.068377,1.0,1.0,29.0,1
2015.0,42.307693,1.0,0.0,27.0,1
2015.0,19.23077,0.0,0.0,32.0,1
2015.0,24.038462,1.0,1.0,32.0,1
2015.0,16.153847,1.0,0.0,31.0,1
2015.0,14.423077,0.0,0.0,27.0,1
2015.0,28.846153,0.0,1.0,27.0,1
2015.0,12.019231,0.0,0.0,32.0,1
2015.0,15.432693,0.0,0.0,27.0,1
2015.0,10.576923,0.0,0.0,25.0,1
2015.0,24.038462,1.0,0.0,32.0,1
2015.0,14.423077,0.0,1.0,31.0,1
2015.0,16.826923,0.0,0.0,29.0,1
2015.0,15.384615,0.0,1.0,30.0,1
2015.0,12.019231,0.0,0.0,30.0,1
2015.0,14.545455,1.0,0.0,27.0,1
2015.0,31.19658,1.0,1.0,33.0,1
2015.0,12.019231,0.0,1.0,25.0,1
2015.0,8.505918,0.0,0.0,29.0,1
2015.0,24.038462,1.0,0.0,33.0,1
2015.0,12.019231,0.0,1.0,31.0,1
2015.0,9.89011,0.0,0.0,33.0,1
2015.0,19.23077,0.0,0.0,31.0,1
2015.0,17.788462,1.0,0.0,30.0,1
2015.0,24.038462,1.0,1.0,28.0,1
2015.0,18.681318,1.0,0.0,29.0,1
2015.0,17.828846,1.0,0.0,26.0,1
2015.0,19.23077,0.0,1.0,30.0,1
2015.0,22.596153,1.0,1.0,26.0,1
2015.0,25.0,1.0,0.0,28.0,1
2015.0,17.156862,0.0,1.0,27.0,1
2015.0,10.0,0.0,1.0,32.0,1
2015.0,14.835165,1.0,1.0,34.0,1
2015.0,20.192308,1.0,0.0,25.0,1
2015.0,54.945053,1.0,0.0,25.0,1
2015.0,9.615385,0.0,0.0,33.0,1
2015.0,76.92308,1.0,0.0,32.0,1
2015.0,17.307692,1.0,0.0,29.0,1
2015.0,24.038462,1.0,0.0,26.0,1
2015.0,9.134615,0.0,1.0,27.0,1
2015.0,22.649572,0.0,0.0,28.0,1
2015.0,9.615385,1.0,0.0,26.0,1
2015.0,34.72222,1.0,1.0,30.0,1
2015.0,25.961538,0.0,0.0,29.0,1
2015.0,15.384615,0.0,0.0,25.0,1
2015.0,27.692308,0.0,0.0,32.0,1
2015.0,15.865385,0.0,0.0,32.0,1
2015.0,4.5787544,0.0,1.0,29.0,1
2015.0,7.2115383,0.0,0.0,29.0,1
2015.0,25.174826,1.0,1.0,27.0,1
2015.0,16.923077,0.0,0.0,27.0,1
2015.0,16.346153,0.0,1.0,29.0,1
2015.0,24.038462,1.0,1.0,28.0,1
2015.0,14.423077,1.0,1.0,28.0,1
2015.0,18.26923,0.0,0.0,27.0,1
2015.0,15.384615,1.0,1.0,29.0,1
2015.0,10.204082,0.0,0.0,26.0,1
2015.0,16.826923,0.0,1.0,25.0,1
2015.0,24.475525,1.0,1.0,27.0,1
2015.0,8.653846,0.0,0.0,29.0,1
2015.0,28.846153,0.0,0.0,34.0,1
2015.0,16.346153,0.0,0.0,28.0,1
2015.0,28.846153,1.0,0.0,26.0,1
2015.0,19.23077,1.0,0.0,31.0,1
2015.0,24.038462,1.0,0.0,30.0,1
2015.0,16.826923,0.0,0.0,33.0,1
2015.0,18.406593,1.0,0.0,31.0,1
2015.0,10.9375,1.0,1.0,28.0,1
2015.0,13.0,0.0,0.0,27.0,1
2015.0,7.2115383,0.0,1.0,33.0,1
2015.0,8.25,0.0,1.0,29.0,1
2015.0,19.711538,1.0,1.0,33.0,1
2015.0,19.23077,1.0,0.0,27.0,1
2015.0,41.666668,1.0,0.0,31.0,1
2015.0,9.615385,0.0,1.0,25.0,1
2015.0,14.423077,1.0,1.0,31.0,1
2015.0,12.943787,1.0,0.0,31.0,1
2015.0,13.221154,0.0,0.0,28.0,1
2015.0,28.846153,1.0,1.0,25.0,1
2015.0,14.423077,1.0,0.0,30.0,1
2015.0,4.8076925,1.0,1.0,27.0,1
2015.0,20.673077,0.0,0.0,29.0,1
2015.0,42.78846,1.0,0.0,34.0,1
2015.0,26.442308,1.0,1.0,28.0,1
2015.0,7.2115383,1.0,1.0,26.0,1
2015.0,38.46154,1.0,0.0,26.0,1
2015.0,19.423077,1.0,1.0,25.0,1
2015.0,12.019231,0.0,1.0,30.0,1
2015.0,19.951923,1.0,1.0,27.0,1
2015.0,9.615385,1.0,1.0,31.0,1
2015.0,5.769231,1.0,1.0,33.0,1
2015.0,19.23077,1.0,1.0,29.0,1
2015.0,31.25,0.0,1.0,32.0,1
2015.0,14.423077,1.0,0.0,30.0,1
2015.0,7.591093,1.0,1.0,34.0,1
2015.0,11.057693,0.0,0.0,29.0,1
2015.0,10.204082,0.0,0.0,26.0,1
2015.0,14.423077,0.0,0.0,30.0,1
2015.0,16.826923,0.0,0.0,33.0,1
2015.0,9.615385,0.0,0.0,27.0,1
2015.0,4.6153846,0.0,0.0,31.0,1
2015.0,33.516483,1.0,0.0,34.0,1
2015.0,12.5,1.0,0.0,34.0,1
2015.0,8.173077,1.0,0.0,28.0,1
2015.0,20.673077,0.0,1.0,26.0,1
2015.0,12.019231,0.0,1.0,32.0,1
2015.0,24.038462,1.0,0.0,28.0,1
2015.0,31.25,1.0,0.0,27.0,1
2015.0,7.2115383,0.0,1.0,30.0,1
2015.0,96.15385,1.0,0.0,32.0,1
2015.0,22.035257,1.0,0.0,33.0,1
2015.0,21.367521,0.0,1.0,31.0,1
2015.0,17.548077,1.0,0.0,26.0,1
2015.0,19.23077,0.0,0.0,29.0,1
2015.0,9.615385,0.0,0.0,33.0,1
2015.0,46.875,0.0,0.0,26.0,1
2015.0,21.666666,0.0,0.0,31.0,1
2015.0,12.5,1.0,0.0,27.0,1
2015.0,17.0,0.0,0.0,27.0,1
2015.0,15.0,0.0,0.0,27.0,1
2015.0,17.132868,0.0,1.0,32.0,1
2015.0,16.826923,0.0,0.0,28.0,1
2015.0,21.538462,0.0,0.0,26.0,1
2015.0,16.826923,0.0,0.0,31.0,1
2015.0,7.2115383,0.0,0.0,31.0,1
2015.0,14.423077,0.0,0.0,30.0,1
2015.0,9.615385,0.0,1.0,31.0,1
2015.0,9.615385,1.0,0.0,26.0,1
2015.0,28.846153,0.0,0.0,32.0,1
2015.0,25.0,0.0,0.0,26.0,1
2015.0,15.064102,0.0,0.0,25.0,1
2015.0,14.423077,0.0,0.0,28.0,1
2015.0,18.270193,0.0,1.0,26.0,1
2015.0,23.077885,0.0,0.0,26.0,1
2015.0,12.019231,0.0,1.0,26.0,1
2015.0,15.384615,1.0,1.0,26.0,1
2015.0,18.028847,0.0,0.0,31.0,1
2015.0,7.6923075,0.0,1.0,27.0,1
2015.0,12.019231,0.0,1.0,31.0,1
2015.0,26.442308,0.0,1.0,32.0,1
2015.0,9.340659,0.0,1.0,34.0,1
2015.0,23.076923,1.0,1.0,33.0,1
2015.0,31.25,0.0,0.0,32.0,1
2015.0,20.0,1.0,1.0,25.0,1
2015.0,20.90301,1.0,1.0,31.0,1
2015.0,38.46154,1.0,1.0,26.0,1
2015.0,31.25,1.0,0.0,26.0,1
2015.0,19.23077,1.0,1.0,26.0,1
2015.0,11.057693,1.0,0.0,29.0,1
2015.0,18.26923,0.0,0.0,33.0,1
2015.0,5.3846154,0.0,0.0,31.0,1
2015.0,29.761906,1.0,0.0,29.0,1
2015.0,24.038462,1.0,1.0,26.0,1
2015.0,24.038462,1.0,0.0,26.0,1
2015.0,22.649572,0.0,0.0,33.0,1
2015.0,43.26923,1.0,0.0,34.0,1
2015.0,14.423077,0.0,0.0,34.0,1
2015.0,20.08547,1.0,0.0,26.0,1
2015.0,34.188034,1.0,0.0,29.0,1
2015.0,6.5934067,0.0,1.0,33.0,1
2015.0,23.504274,1.0,1.0,27.0,1
2015.0,21.5,1.0,1.0,26.0,1
2015.0,23.076923,1.0,0.0,31.0,1
2015.0,18.26923,1.0,1.0,29.0,1
2015.0,11.538462,0.0,0.0,25.0,1
2015.0,15.384615,1.0,1.0,27.0,1
2015.0,15.865385,1.0,0.0,25.0,1
2015.0,22.115385,1.0,1.0,34.0,1
2015.0,6.730769,0.0,0.0,34.0,1
2015.0,9.362349,0.0,1.0,28.0,1
2015.0,13.461538,0.0,0.0,33.0,1
2015.0,44.070515,1.0,0.0,31.0,1
2015.0,9.615385,0.0,1.0,34.0,1
2015.0,24.038462,1.0,1.0,34.0,1
2015.0,15.934066,1.0,1.0,32.0,1
2015.0,20.76923,1.0,0.0,33.0,1
2015.0,5.5298076,0.0,1.0,29.0,1
2015.0,42.735043,1.0,0.0,27.0,1
2015.0,12.5,0.0,0.0,25.0,1
2015.0,7.6923075,0.0,1.0,31.0,1
2015.0,64.42308,1.0,1.0,30.0,1
2015.0,15.0,1.0,1.0,25.0,1
2015.0,4.945055,0.0,0.0,26.0,1
2015.0,9.615385,0.0,1.0,25.0,1
2015.0,10.0,0.0,0.0,29.0,1
2015.0,52.884617,0.0,0.0,32.0,1
2015.0,24.038462,1.0,1.0,30.0,1
2015.0,25.0,1.0,1.0,25.0,1
2015.0,18.75,0.0,0.0,30.0,1
2015.0,14.423077,0.0,1.0,34.0,1
2015.0,12.237762,1.0,0.0,34.0,1
2015.0,7.2115383,0.0,1.0,28.0,1
2015.0,20.673077,0.0,0.0,30.0,1
2015.0,16.0,0.0,1.0,31.0,1
2015.0,16.826923,0.0,1.0,25.0,1
2015.0,9.245563,0.0,0.0,25.0,1
2015.0,10.724852,0.0,1.0,28.0,1
2015.0,35.275963,1.0,0.0,32.0,1
2015.0,14.0,1.0,0.0,31.0,1
2015.0,11.965812,0.0,0.0,26.0,1
2015.0,12.5,1.0,1.0,29.0,1
2015.0,20.673077,0.0,0.0,29.0,1
2015.0,15.277778,0.0,1.0,27.0,1
2015.0,26.442308,1.0,0.0,27.0,1
2015.0,23.076923,1.0,1.0,30.0,1
2015.0,16.826923,1.0,1.0,31.0,1
2015.0,7.2115383,0.0,1.0,33.0,1
2015.0,15.384615,1.0,0.0,25.0,1
2015.0,9.615385,1.0,1.0,28.0,1
2015.0,25.641026,1.0,0.0,26.0,1
2015.0,37.5,1.0,0.0,34.0,1
2015.0,18.218624,0.0,0.0,28.0,1
2015.0,26.923077,1.0,0.0,27.0,1
2015.0,12.019231,0.0,0.0,26.0,1
2015.0,12.019231,0.0,1.0,27.0,1
2015.0,10.576923,0.0,1.0,32.0,1
2015.0,15.384615,0.0,1.0,32.0,1
2015.0,26.923077,1.0,1.0,34.0,1
2015.0,12.993763,0.0,1.0,27.0,1
2015.0,8.791209,0.0,1.0,32.0,1
2015.0,19.23077,1.0,1.0,25.0,1
2015.0,30.76923,1.0,1.0,34.0,1
2015.0,7.591093,0.0,0.0,30.0,1
2015.0,14.423077,1.0,0.0,31.0,1
2015.0,14.423077,1.0,1.0,30.0,1
2015.0,7.591093,0.0,0.0,33.0,1
2015.0,14.423077,0.0,1.0,30.0,1
2015.0,12.019231,1.0,1.0,31.0,1
2015.0,30.048077,1.0,1.0,31.0,1
2015.0,25.76923,0.0,0.0,29.0,1
2015.0,13.736263,0.0,1.0,32.0,1
2015.0,9.615385,0.0,1.0,33.0,1
2015.0,72.11539,1.0,1.0,30.0,1
2015.0,38.46154,1.0,0.0,30.0,1
2015.0,8.653846,0.0,0.0,29.0,1
2015.0,7.2115383,0.0,1.0,31.0,1
2015.0,25.76923,0.0,0.0,26.0,1
2015.0,25.48077,1.0,0.0,25.0,1
2015.0,19.600592,1.0,0.0,28.0,1
2015.0,16.826923,1.0,1.0,29.0,1
2015.0,14.519231,0.0,0.0,31.0,1
2015.0,14.423077,0.0,1.0,30.0,1
2015.0,13.461538,0.0,0.0,32.0,1
2015.0,14.792899,0.0,1.0,30.0,1
2015.0,25.961538,1.0,1.0,31.0,1
2015.0,16.826923,0.0,1.0,31.0,1
2015.0,16.826923,0.0,0.0,31.0,1
2015.0,48.077885,1.0,1.0,29.0,1
2015.0,20.192308,1.0,0.0,29.0,1
2015.0,15.384615,0.0,0.0,33.0,1
2015.0,14.423077,0.0,0.0,29.0,1
2015.0,16.826923,0.0,0.0,31.0,1
2015.0,29.807692,1.0,1.0,27.0,1
2015.0,12.980769,0.0,1.0,32.0,1
2015.0,24.038462,0.0,0.0,32.0,1
2015.0,13.943269,0.0,0.0,32.0,1
2015.0,25.0,1.0,1.0,28.0,1
2015.0,17.0,0.0,0.0,31.0,1
2015.0,20.192308,1.0,0.0,26.0,1
2015.0,6.25,0.0,1.0,29.0,1
2015.0,13.333333,1.0,0.0,33.0,1
2015.0,16.826923,0.0,1.0,28.0,1
2015.0,32.692307,0.0,0.0,29.0,1
2015.0,10.096154,0.0,1.0,25.0,1
2015.0,19.23077,0.0,0.0,29.0,1
2015.0,30.76923,1.0,0.0,33.0,1
2015.0,6.1538463,0.0,0.0,31.0,1
2015.0,38.942307,0.0,0.0,28.0,1
2015.0,14.957265,1.0,0.0,30.0,1
2015.0,16.0,0.0,1.0,32.0,1
2015.0,13.736263,1.0,0.0,28.0,1
2015.0,11.538462,0.0,0.0,30.0,1
2015.0,12.019231,0.0,1.0,30.0,1
2015.0,11.538462,0.0,1.0,27.0,1
2015.0,30.288462,1.0,1.0,27.0,1
2015.0,19.23077,0.0,0.0,30.0,1
2015.0,15.384615,0.0,0.0,33.0,1
2015.0,12.067307,0.0,1.0,28.0,1
2015.0,20.032051,0.0,0.0,32.0,1
2015.0,18.26923,0.0,0.0,32.0,1
2015.0,14.903846,0.0,1.0,27.0,1
2015.0,16.02564,1.0,0.0,28.0,1
2015.0,28.846153,1.0,1.0,33.0,1
2015.0,6.7211537,0.0,0.0,25.0,1
2015.0,10.0,0.0,0.0,27.0,1
2015.0,14.0,0.0,0.0,26.0,1
2015.0,34.134617,0.0,0.0,25.0,1
2015.0,9.89011,0.0,1.0,30.0,1
2015.0,11.538462,0.0,1.0,32.0,1
2015.0,20.673077,0.0,0.0,32.0,1
2015.0,32.21154,0.0,0.0,30.0,1
2015.0,15.384615,1.0,1.0,28.0,1
2015.0,9.6875,0.0,1.0,32.0,1
2015.0,9.615385,0.0,1.0,27.0,1
2015.0,15.779093,0.0,0.0,27.0,1
2015.0,52.884617,1.0,0.0,27.0,1
2015.0,20.673077,1.0,1.0,28.0,1
2015.0,30.0,1.0,0.0,26.0,1
2015.0,21.25506,1.0,1.0,34.0,1
2015.0,9.245563,0.0,0.0,25.0,1
2015.0,25.48077,0.0,0.0,28.0,1
2015.0,21.153847,1.0,1.0,26.0,1
2015.0,21.367521,1.0,1.0,25.0,1
2015.0,18.26923,1.0,0.0,30.0,1
2015.0,14.423077,0.0,1.0,33.0,1
2015.0,32.8125,0.0,0.0,34.0,1
2015.0,14.423077,0.0,0.0,30.0,1
2015.0,14.903846,0.0,0.0,33.0,1
2015.0,42.735043,1.0,0.0,26.0,1
2015.0,27.591972,1.0,0.0,32.0,1
2015.0,7.591093,0.0,1.0,26.0,1
2015.0,8.9,0.0,0.0,25.0,1
2015.0,38.46154,1.0,0.0,32.0,1
2015.0,59.82906,1.0,0.0,33.0,1
2015.0,36.057693,1.0,0.0,34.0,1
2015.0,16.826923,0.0,0.0,33.0,1
2015.0,15.182186,0.0,0.0,28.0,1
2015.0,15.182186,0.0,1.0,26.0,1
2015.0,7.6923075,0.0,1.0,29.0,1
2015.0,10.0,0.0,0.0,28.0,1
2015.0,17.790598,0.0,0.0,25.0,1
2015.0,5.769231,0.0,1.0,34.0,1
2015.0,16.346153,0.0,0.0,27.0,1
2015.0,36.53846,1.0,0.0,27.0,1
2015.0,13.333333,1.0,0.0,30.0,1
2015.0,16.826923,1.0,1.0,29.0,1
2015.0,17.094017,0.0,0.0,30.0,1
2015.0,21.153847,0.0,1.0,32.0,1
2015.0,10.408654,0.0,0.0,33.0,1
2015.0,8.653846,0.0,0.0,31.0,1
2015.0,13.020833,0.0,0.0,27.0,1
2015.0,23.11111,0.0,0.0,26.0,1
2015.0,19.231731,1.0,0.0,27.0,1
2015.0,11.057693,0.0,0.0,28.0,1
2015.0,12.823558,0.0,0.0,29.0,1
2015.0,30.76923,1.0,1.0,29.0,1
2015.0,20.032051,1.0,1.0,26.0,1
2015.0,17.307692,1.0,0.0,32.0,1
2015.0,31.25,1.0,1.0,32.0,1
2015.0,11.538462,0.0,0.0,26.0,1
2015.0,9.615385,0.0,0.0,30.0,1
2015.0,23.076923,1.0,0.0,30.0,1
2015.0,25.0,0.0,0.0,33.0,1
2015.0,9.615385,1.0,1.0,31.0,1
2015.0,25.0,0.0,0.0,28.0,1
2015.0,13.076923,0.0,0.0,29.0,1
2015.0,11.778846,1.0,0.0,26.0,1
2015.0,31.25,1.0,1.0,30.0,1
2015.0,33.653847,1.0,0.0,27.0,1
2015.0,41.132477,1.0,1.0,27.0,1
2015.0,19.23077,1.0,1.0,31.0,1
2015.0,10.724852,0.0,0.0,27.0,1
2015.0,18.75,0.0,0.0,25.0,1
2015.0,21.153847,0.0,0.0,30.0,1
2015.0,31.153847,1.0,0.0,34.0,1
2015.0,14.022436,0.0,0.0,30.0,1
2015.0,15.769231,0.0,1.0,27.0,1
2015.0,21.634615,1.0,1.0,32.0,1
2015.0,19.23077,1.0,0.0,34.0,1
2015.0,12.980769,0.0,0.0,30.0,1
2015.0,27.777779,0.0,0.0,34.0,1
2015.0,6.6346154,0.0,0.0,32.0,1
2015.0,9.935898,1.0,1.0,25.0,1
2015.0,9.273504,0.0,0.0,26.0,1
2015.0,22.970085,1.0,1.0,31.0,1
2015.0,12.5,0.0,1.0,29.0,1
2015.0,34.188034,1.0,0.0,29.0,1
2015.0,14.423077,0.0,0.0,30.0,1
2015.0,15.384615,1.0,0.0,30.0,1
2015.0,9.615385,1.0,1.0,27.0,1
2015.0,8.163265,0.0,0.0,28.0,1
2015.0,10.0,0.0,0.0,30.0,1
2015.0,9.134615,0.0,1.0,33.0,1
2015.0,14.423077,0.0,0.0,30.0,1
2015.0,11.057693,0.0,0.0,34.0,1
2015.0,16.826923,0.0,1.0,28.0,1
2015.0,39.615383,1.0,0.0,34.0,1
2015.0,44.231537,1.0,0.0,25.0,1
2015.0,25.641026,1.0,0.0,30.0,1
2015.0,12.019231,1.0,1.0,25.0,1
2015.0,14.423077,1.0,1.0,29.0,1
2015.0,16.826923,1.0,1.0,32.0,1
2015.0,30.364372,1.0,1.0,32.0,1
2015.0,24.038462,0.0,0.0,30.0,1
2015.0,25.0,0.0,0.0,32.0,1
2015.0,48.076923,1.0,0.0,33.0,1
2015.0,19.23077,1.0,0.0,30.0,1
2015.0,12.019231,0.0,0.0,31.0,1
2015.0,20.432692,1.0,0.0,32.0,1
2015.0,27.884615,1.0,0.0,30.0,1
2015.0,12.820513,0.0,0.0,31.0,1
2015.0,12.5,1.0,1.0,29.0,1
2015.0,17.0,1.0,1.0,26.0,1
2015.0,28.846153,1.0,0.0,31.0,1
2015.0,48.076923,1.0,0.0,33.0,1
2015.0,31.25,1.0,0.0,25.0,1
2015.0,16.826923,1.0,0.0,28.0,1
2015.0,39.423077,1.0,0.0,33.0,1
2015.0,48.076923,1.0,0.0,27.0,1
2015.0,19.23077,1.0,1.0,29.0,1
2015.0,23.557692,1.0,0.0,30.0,1
2015.0,17.5,0.0,0.0,30.0,1
2015.0,14.423077,0.0,0.0,34.0,1
2015.0,20.076923,1.0,1.0,31.0,1
2015.0,14.423077,1.0,1.0,26.0,1
2015.0,32.0,1.0,0.0,33.0,1
2015.0,19.23077,0.0,0.0,27.0,1
2015.0,24.038462,1.0,0.0,33.0,1
2015.0,12.019231,0.0,1.0,33.0,1
2015.0,17.307692,0.0,1.0,34.0,1
2015.0,4.8076925,0.0,1.0,27.0,1
2015.0,15.384615,0.0,0.0,34.0,1
2015.0,19.615385,1.0,1.0,26.0,1
2015.0,12.019231,0.0,0.0,34.0,1
2015.0,32.21154,1.0,1.0,30.0,1
2015.0,19.23077,1.0,1.0,34.0,1
2015.0,19.23077,1.0,0.0,33.0,1
2015.0,16.10577,1.0,0.0,30.0,1
2015.0,6.730769,1.0,1.0,33.0,1
2015.0,76.92308,1.0,0.0,33.0,1
2015.0,12.019231,1.0,0.0,25.0,1
2015.0,14.423077,1.0,1.0,25.0,1
2015.0,21.367521,1.0,0.0,32.0,1
2015.0,7.3717947,0.0,0.0,32.0,1
2015.0,15.384615,0.0,0.0,29.0,1
2015.0,9.615385,0.0,1.0,32.0,1
2015.0,6.2259617,0.0,0.0,33.0,1
2015.0,25.0,0.0,0.0,33.0,1
2015.0,13.461538,0.0,1.0,32.0,1
2015.0,24.038462,1.0,0.0,33.0,1
2015.0,21.153847,1.0,0.0,33.0,1
2015.0,57.692307,0.0,0.0,32.0,1
2015.0,11.057693,1.0,1.0,33.0,1
2015.0,19.23077,0.0,0.0,29.0,1
2015.0,27.777779,1.0,1.0,31.0,1
2015.0,20.88889,1.0,1.0,31.0,1
2015.0,17.0,0.0,0.0,33.0,1
2015.0,18.0,0.0,0.0,33.0,1
2015.0,18.62745,0.0,1.0,33.0,1
2015.0,9.796807,0.0,0.0,27.0,1
2015.0,12.019231,0.0,0.0,25.0,1
2015.0,19.23077,0.0,0.0,30.0,1
2015.0,11.057693,0.0,1.0,29.0,1
2015.0,11.538462,0.0,1.0,34.0,1
2015.0,5.289423,0.0,1.0,28.0,1
2015.0,14.423077,0.0,1.0,33.0,1
2015.0,31.25,0.0,0.0,32.0,1
2015.0,14.423077,0.0,1.0,27.0,1
2015.0,21.153847,1.0,0.0,32.0,1
2015.0,12.5,0.0,1.0,30.0,1
2015.0,22.083174,1.0,1.0,31.0,1
2015.0,21.634615,1.0,0.0,28.0,1
2015.0,21.794872,1.0,0.0,34.0,1
2015.0,18.25,1.0,0.0,26.0,1
2015.0,15.865385,0.0,0.0,32.0,1
2015.0,29.326923,1.0,0.0,26.0,1
2015.0,15.468227,1.0,1.0,26.0,1
2015.0,12.5,0.0,0.0,26.0,1
2015.0,13.461538,0.0,0.0,29.0,1
2015.0,19.23077,1.0,0.0,25.0,1
2015.0,16.529808,1.0,1.0,32.0,1
2015.0,19.842789,1.0,0.0,33.0,1
2015.0,42.307693,1.0,0.0,34.0,1
2015.0,18.26923,1.0,1.0,28.0,1
2015.0,26.923077,1.0,1.0,32.0,1
2015.0,24.038462,0.0,0.0,25.0,1
2015.0,9.615385,0.0,0.0,33.0,1
2015.0,8.163265,1.0,0.0,29.0,1
2015.0,57.692307,0.0,0.0,26.0,1
2015.0,19.23077,1.0,1.0,25.0,1
2015.0,15.70577,1.0,1.0,25.0,1
2015.0,40.384617,1.0,0.0,25.0,1
2015.0,19.23077,0.0,1.0,28.0,1
2015.0,27.884615,0.0,0.0,34.0,1
2015.0,36.058655,1.0,0.0,28.0,1
2015.0,18.26923,0.0,0.0,30.0,1
2015.0,19.23077,0.0,0.0,28.0,1
2015.0,26.470589,1.0,1.0,29.0,1
2015.0,28.846153,0.0,1.0,33.0,1
2015.0,27.884615,1.0,1.0,25.0,1
2015.0,31.25,0.0,0.0,33.0,1
2015.0,14.423077,0.0,0.0,28.0,1
2015.0,22.916666,0.0,0.0,30.0,1
2015.0,9.615385,1.0,1.0,26.0,1
2015.0,13.461538,0.0,0.0,32.0,1
2015.0,9.615385,0.0,1.0,31.0,1
2015.0,21.153847,1.0,1.0,29.0,1
2015.0,29.05983,1.0,0.0,30.0,1
2015.0,10.096154,0.0,1.0,32.0,1
2015.0,18.75,0.0,0.0,34.0,1
2015.0,13.186813,1.0,1.0,34.0,1
2015.0,11.057693,0.0,0.0,25.0,1
2015.0,11.538462,0.0,0.0,34.0,1
2015.0,15.865385,1.0,1.0,27.0,1
2015.0,16.826923,1.0,0.0,29.0,1
2015.0,37.01923,1.0,0.0,29.0,1
2015.0,38.46154,0.0,0.0,33.0,1
2015.0,19.23077,0.0,0.0,34.0,1
2015.0,22.189348,0.0,1.0,26.0,1
2015.0,28.653847,0.0,0.0,34.0,1
2015.0,6.25,0.0,1.0,29.0,1
2015.0,38.076923,1.0,0.0,34.0,1
2015.0,9.471154,0.0,0.0,34.0,1
2015.0,30.0,0.0,0.0,26.0,1
2015.0,26.442308,1.0,1.0,31.0,1
2015.0,32.692307,0.0,1.0,31.0,1
2015.0,26.821863,0.0,0.0,34.0,1
2015.0,12.019231,0.0,1.0,28.0,1
2015.0,26.442308,1.0,0.0,27.0,1
2015.0,30.76923,1.0,0.0,34.0,1
2015.0,19.23077,1.0,1.0,33.0,1
2015.0,15.865385,0.0,0.0,25.0,1
2015.0,24.038462,0.0,0.0,31.0,1
2015.0,19.23077,0.0,0.0,25.0,1
2015.0,42.307693,1.0,0.0,26.0,1
2015.0,17.399267,0.0,0.0,28.0,1
2015.0,12.820513,0.0,0.0,29.0,1
2015.0,11.923077,1.0,1.0,33.0,1
2015.0,96.15385,0.0,1.0,27.0,1
2015.0,31.153847,1.0,1.0,30.0,1
2015.0,24.038462,1.0,0.0,28.0,1
2015.0,13.942307,0.0,0.0,30.0,1
2015.0,11.0,0.0,1.0,28.0,1
2015.0,43.956043,1.0,1.0,32.0,1
2015.0,23.076923,1.0,0.0,33.0,1
2015.0,33.653847,1.0,1.0,30.0,1
2015.0,32.692307,1.0,1.0,27.0,1
2015.0,26.923077,1.0,0.0,28.0,1
2015.0,11.094674,0.0,1.0,25.0,1
2015.0,9.294871,0.0,1.0,28.0,1
2015.0,4.8076925,1.0,1.0,27.0,1
2015.0,9.615385,0.0,1.0,29.0,1
2015.0,26.442308,1.0,1.0,31.0,1
2015.0,16.826923,1.0,1.0,27.0,1
2015.0,17.178255,1.0,1.0,34.0,1
2015.0,31.73077,0.0,0.0,31.0,1
2015.0,8.01282,0.0,1.0,28.0,1
2015.0,6.4102564,1.0,0.0,33.0,1
2015.0,25.0,1.0,1.0,29.0,1
2015.0,22.435898,0.0,0.0,28.0,1
2015.0,11.057693,0.0,1.0,33.0,1
2015.0,25.641026,1.0,1.0,34.0,1
2015.0,16.826923,1.0,1.0,33.0,1
2015.0,12.980769,0.0,1.0,32.0,1
2015.0,18.53125,1.0,1.0,31.0,1
2015.0,8.205129,0.0,0.0,32.0,1
2015.0,6.25,0.0,1.0,34.0,1
2015.0,8.653846,0.0,1.0,34.0,1
2015.0,28.846153,0.0,1.0,33.0,1
2015.0,9.340659,0.0,1.0,30.0,1
2015.0,38.46154,1.0,0.0,28.0,1
2015.0,3.3653846,0.0,0.0,33.0,1
2015.0,19.23077,0.0,1.0,27.0,1
2015.0,13.461538,0.0,0.0,34.0,1
2015.0,14.705882,0.0,0.0,25.0,1
2015.0,15.865385,1.0,1.0,29.0,1
2015.0,34.615383,0.0,0.0,29.0,1
2015.0,15.384615,1.0,1.0,27.0,1
2015.0,8.894231,0.0,1.0,34.0,1
2015.0,16.239317,0.0,0.0,29.0,1
2015.0,11.538462,0.0,0.0,27.0,1
2015.0,19.23077,1.0,1.0,32.0,1
2015.0,11.538462,1.0,0.0,25.0,1
2015.0,15.384615,0.0,1.0,34.0,1
2015.0,17.482517,0.0,0.0,28.0,1
2015.0,24.1453,0.0,0.0,32.0,1
2015.0,28.846153,0.0,0.0,33.0,1
2015.0,72.11539,1.0,1.0,29.0,1
2015.0,17.788462,0.0,0.0,27.0,1
2015.0,14.423077,0.0,1.0,33.0,1
2015.0,18.47166,1.0,1.0,30.0,1
2015.0,20.673077,0.0,1.0,30.0,1
2015.0,12.5,1.0,0.0,27.0,1
2015.0,19.23077,1.0,1.0,27.0,1
2015.0,12.019231,1.0,1.0,26.0,1
2015.0,20.192308,1.0,1.0,31.0,1
2015.0,16.826923,0.0,1.0,34.0,1
2015.0,18.26923,0.0,0.0,34.0,1
2015.0,12.884615,0.0,0.0,34.0,1
2015.0,13.020833,0.0,0.0,27.0,1
2015.0,7.6923075,0.0,0.0,33.0,1
2015.0,25.0,0.0,0.0,33.0,1
2015.0,23.076923,0.0,0.0,30.0,1
2015.0,20.192308,1.0,1.0,32.0,1
2015.0,7.2115383,0.0,1.0,33.0,1
2015.0,28.365385,1.0,1.0,34.0,1
2015.0,14.423077,0.0,0.0,34.0,1
2015.0,16.02564,0.0,1.0,33.0,1
2015.0,36.057693,0.0,0.0,34.0,1
2015.0,10.0,0.0,0.0,27.0,1
2015.0,9.615385,0.0,0.0,25.0,1
2015.0,13.986014,1.0,1.0,26.0,1
2015.0,28.60577,0.0,0.0,31.0,1
2015.0,58.653847,0.0,0.0,33.0,1
2015.0,19.23077,0.0,0.0,29.0,1
2015.0,24.51923,0.0,0.0,29.0,1
2015.0,14.957265,0.0,0.0,29.0,1
2015.0,32.05128,0.0,0.0,34.0,1
2015.0,19.23077,1.0,1.0,32.0,1
2015.0,12.019231,0.0,0.0,27.0,1
2015.0,10.096154,1.0,1.0,29.0,1
2015.0,19.231731,1.0,1.0,27.0,1
2015.0,15.625,1.0,0.0,25.0,1
2015.0,28.846153,1.0,1.0,33.0,1
2015.0,13.461538,0.0,1.0,26.0,1
2015.0,14.423077,0.0,0.0,33.0,1
2015.0,29.807692,1.0,0.0,29.0,1
2015.0,25.0,1.0,1.0,30.0,1
2015.0,12.019231,0.0,0.0,28.0,1
2015.0,16.826923,1.0,1.0,30.0,1
2015.0,17.788462,1.0,1.0,33.0,1
2015.0,10.576923,1.0,0.0,27.0,1
2015.0,30.76923,1.0,1.0,28.0,1
2015.0,16.826923,0.0,1.0,32.0,1
2015.0,21.634615,1.0,1.0,29.0,1
2015.0,22.361359,1.0,0.0,29.0,1
2015.0,28.846153,1.0,0.0,31.0,1
2015.0,9.245563,1.0,1.0,34.0,1
2015.0,51.442307,1.0,1.0,34.0,1
2015.0,7.6923075,1.0,1.0,32.0,1
2015.0,24.0,0.0,1.0,33.0,1
2015.0,14.5,0.0,0.0,32.0,1
2015.0,24.038462,0.0,0.0,31.0,1
2015.0,16.987179,1.0,0.0,28.0,1
2015.0,14.903846,1.0,1.0,27.0,1
2015.0,28.846153,1.0,1.0,32.0,1
2015.0,23.076923,1.0,0.0,31.0,1
2015.0,5.769231,0.0,1.0,33.0,1
2015.0,10.595192,0.0,1.0,30.0,1
2015.0,21.978022,0.0,0.0,32.0,1
2015.0,15.0,1.0,1.0,33.0,1
2015.0,7.2115383,0.0,1.0,34.0,1
2015.0,9.615385,1.0,1.0,33.0,1
2015.0,19.23077,0.0,0.0,34.0,1
2015.0,19.23077,1.0,1.0,27.0,1
2015.0,19.23077,0.0,0.0,33.0,1
2015.0,15.384615,1.0,1.0,34.0,1
2015.0,28.846153,1.0,0.0,33.0,1
2015.0,33.653847,1.0,0.0,33.0,1
2015.0,17.932692,1.0,0.0,34.0,1
2015.0,8.576923,0.0,1.0,33.0,1
2015.0,15.384615,0.0,0.0,25.0,1
2015.0,10.256411,0.0,0.0,25.0,1
2015.0,7.2649574,0.0,0.0,26.0,1
2015.0,16.373077,1.0,0.0,32.0,1
2015.0,12.019231,0.0,1.0,27.0,1
2015.0,14.423077,1.0,0.0,33.0,1
2015.0,34.134617,0.0,0.0,32.0,1
2015.0,12.019231,0.0,0.0,31.0,1
2015.0,11.133603,0.0,1.0,28.0,1
2015.0,14.423077,0.0,1.0,25.0,1
2015.0,15.384615,1.0,0.0,25.0,1
2015.0,19.688644,1.0,0.0,30.0,1
2015.0,27.64423,0.0,0.0,25.0,1
2015.0,3.2051282,1.0,0.0,33.0,1
2015.0,16.02564,1.0,1.0,33.0,1
2015.0,10.683761,0.0,1.0,29.0,1
2015.0,12.019231,1.0,1.0,33.0,1
2015.0,9.615385,0.0,0.0,25.0,1
2015.0,48.076923,1.0,0.0,30.0,1
2015.0,86.53846,1.0,0.0,32.0,1
2015.0,21.153847,1.0,1.0,33.0,1
2015.0,15.866346,0.0,0.0,29.0,1
2015.0,21.367521,1.0,0.0,28.0,1
2015.0,14.423077,1.0,1.0,28.0,1
2015.0,24.038462,1.0,1.0,34.0,1
2015.0,11.752137,0.0,0.0,32.0,1
2015.0,36.53846,1.0,0.0,30.0,1
2015.0,9.027778,0.0,0.0,27.0,1
2015.0,31.25,1.0,1.0,27.0,1
2015.0,15.384615,1.0,0.0,32.0,1
2015.0,64.61539,1.0,0.0,31.0,1
2015.0,7.2115383,0.0,1.0,30.0,1
2015.0,57.692307,1.0,1.0,26.0,1
2015.0,86.53846,1.0,0.0,28.0,1
2015.0,20.192308,1.0,0.0,32.0,1
2015.0,14.423077,0.0,0.0,29.0,1
2015.0,12.019231,0.0,1.0,27.0,1
2015.0,8.413462,0.0,0.0,30.0,1
2015.0,20.512821,1.0,0.0,32.0,1
2015.0,12.019231,0.0,0.0,27.0,1
2015.0,7.3964496,0.0,0.0,28.0,1
2015.0,8.653846,0.0,0.0,25.0,1
2015.0,13.6,0.0,0.0,27.0,1
2015.0,18.69658,0.0,1.0,28.0,1
2015.0,15.384615,0.0,0.0,27.0,1
2015.0,20.08547,1.0,1.0,34.0,1
2015.0,40.91653,1.0,0.0,28.0,1
2015.0,16.153847,0.0,1.0,27.0,1
2015.0,30.76923,1.0,0.0,34.0,1
2015.0,7.2115383,0.0,0.0,27.0,1
2015.0,18.26923,1.0,1.0,31.0,1
2015.0,8.87574,0.0,0.0,31.0,1
2015.0,8.653846,0.0,0.0,25.0,1
2015.0,7.2115383,0.0,1.0,32.0,1
2015.0,29.807692,0.0,0.0,30.0,1
2015.0,25.961538,0.0,0.0,33.0,1
2015.0,9.615385,0.0,0.0,33.0,1
2015.0,25.641026,1.0,0.0,32.0,1
2015.0,38.46154,1.0,1.0,32.0,1
2015.0,45.673077,1.0,0.0,31.0,1
2015.0,14.423077,1.0,0.0,32.0,1
2015.0,13.0,0.0,0.0,28.0,1
2015.0,21.923077,0.0,0.0,32.0,1
2015.0,24.038462,1.0,1.0,30.0,1
2015.0,16.826923,0.0,0.0,27.0,1
2015.0,39.189503,0.0,0.0,31.0,1
2015.0,20.192308,0.0,0.0,33.0,1
2015.0,38.46154,0.0,0.0,30.0,1
2015.0,12.5,1.0,1.0,32.0,1
2015.0,13.221154,0.0,0.0,33.0,1
2015.0,14.529915,0.0,0.0,34.0,1
2015.0,13.0,1.0,0.0,25.0,1
2015.0,6.25,0.0,1.0,27.0,1
2015.0,12.820513,0.0,0.0,25.0,1
2015.0,15.587981,1.0,0.0,32.0,1
2015.0,24.038462,0.0,0.0,29.0,1
2015.0,17.709402,0.0,0.0,34.0,1
2015.0,23.076923,1.0,0.0,33.0,1
2015.0,100.96154,1.0,0.0,27.0,1
2015.0,8.653846,1.0,0.0,28.0,1
2015.0,8.653846,1.0,1.0,28.0,1
2015.0,16.826923,0.0,1.0,30.0,1
2015.0,6.25,0.0,1.0,26.0,1
2015.0,13.942307,0.0,0.0,25.0,1
2015.0,28.76923,0.0,1.0,33.0,1
2015.0,14.423077,1.0,0.0,27.0,1
2015.0,5.769231,0.0,1.0,26.0,1
2015.0,36.057693,1.0,1.0,32.0,1
2015.0,24.038462,1.0,0.0,25.0,1
2015.0,16.826923,1.0,0.0,34.0,1
2015.0,22.727272,0.0,0.0,28.0,1
2015.0,26.442308,1.0,1.0,34.0,1
2015.0,18.26923,0.0,1.0,31.0,1
2015.0,19.23077,0.0,0.0,28.0,1
2015.0,21.634615,0.0,0.0,34.0,1
2015.0,13.870673,1.0,1.0,31.0,1
2015.0,9.89011,1.0,0.0,27.0,1
2015.0,18.26923,1.0,1.0,33.0,1
2015.0,9.134615,1.0,0.0,27.0,1
2015.0,14.423077,0.0,1.0,34.0,1
2015.0,13.736263,0.0,1.0,31.0,1
2015.0,10.817307,1.0,1.0,27.0,1
2015.0,21.634615,1.0,1.0,28.0,1
2015.0,12.5,0.0,0.0,34.0,1
2015.0,12.5,0.0,0.0,34.0,1
2015.0,12.5,0.0,0.0,34.0,1
2015.0,12.019231,0.0,1.0,31.0,1
2015.0,15.865385,1.0,1.0,33.0,1
2015.0,26.442308,1.0,1.0,26.0,1
2015.0,38.46154,1.0,0.0,34.0,1
2015.0,12.019231,0.0,1.0,34.0,1
2015.0,10.135135,0.0,1.0,30.0,1
2015.0,5.769231,1.0,0.0,34.0,1
2015.0,31.25,1.0,1.0,32.0,1
2015.0,12.980769,1.0,1.0,33.0,1
2015.0,22.115385,0.0,0.0,25.0,1
2015.0,28.846153,1.0,1.0,28.0,1
2015.0,33.654808,1.0,1.0,32.0,1
2015.0,28.846153,0.0,0.0,33.0,1
2015.0,22.959183,1.0,1.0,31.0,1
2015.0,11.0,1.0,1.0,27.0,1
2015.0,7.2115383,0.0,1.0,26.0,1
2015.0,8.413462,0.0,1.0,25.0,1
2015.0,15.384615,0.0,0.0,25.0,1
2015.0,49.51923,1.0,0.0,26.0,1
2015.0,7.2115383,0.0,1.0,34.0,1
2015.0,23.846153,1.0,0.0,34.0,1
2015.0,14.423077,0.0,1.0,28.0,1
2015.0,23.076923,0.0,0.0,33.0,1
2015.0,36.058655,1.0,0.0,33.0,1
2015.0,14.423077,0.0,0.0,25.0,1
2015.0,14.423077,0.0,1.0,32.0,1
2015.0,22.692308,1.0,0.0,32.0,1
2015.0,28.846153,0.0,1.0,27.0,1
2015.0,12.179487,0.0,1.0,32.0,1
2015.0,31.25,0.0,0.0,31.0,1
2015.0,11.25,0.0,0.0,34.0,1
2015.0,10.487916,0.0,1.0,32.0,1
2015.0,10.0,0.0,1.0,33.0,1
2015.0,9.230769,0.0,0.0,26.0,1
2015.0,8.653846,0.0,0.0,28.0,1
2015.0,13.0,0.0,0.0,29.0,1
2015.0,12.019231,0.0,1.0,33.0,1
2015.0,16.666666,0.0,0.0,27.0,1
2015.0,11.057693,0.0,1.0,31.0,1
2015.0,15.384615,0.0,0.0,29.0,1
2015.0,14.285714,0.0,1.0,29.0,1
2015.0,36.057693,0.0,1.0,29.0,1
2015.0,9.615385,1.0,0.0,34.0,1
2015.0,11.538462,0.0,0.0,28.0,1
2015.0,17.628204,1.0,0.0,34.0,1
2015.0,9.615385,0.0,1.0,34.0,1
2015.0,5.769231,0.0,1.0,25.0,1
2015.0,8.669286,0.0,0.0,29.0,1
2015.0,11.538462,0.0,1.0,31.0,1
2015.0,27.777779,1.0,0.0,34.0,1
2015.0,9.615385,0.0,1.0,33.0,1
2015.0,19.23077,1.0,1.0,26.0,1
2015.0,31.25,1.0,0.0,34.0,1
2015.0,14.792899,0.0,1.0,28.0,1
2015.0,33.173077,0.0,0.0,34.0,1
2015.0,19.615385,0.0,0.0,34.0,1
2015.0,32.692307,1.0,0.0,30.0,1
2015.0,19.23077,1.0,1.0,32.0,1
2015.0,21.634615,1.0,0.0,34.0,1
2015.0,14.423077,0.0,0.0,31.0,1
2015.0,16.586538,1.0,0.0,31.0,1
2015.0,7.451923,0.0,0.0,29.0,1
2015.0,8.254807,1.0,1.0,31.0,1
2015.0,23.076923,1.0,1.0,31.0,1
2015.0,21.153847,1.0,0.0,30.0,1
2015.0,21.923077,0.0,0.0,31.0,1
2015.0,46.153847,1.0,1.0,34.0,1
2015.0,22.115385,1.0,1.0,30.0,1
2015.0,26.442308,1.0,1.0,26.0,1
2015.0,55.28846,1.0,0.0,27.0,1
2015.0,25.0,1.0,1.0,34.0,1
2015.0,36.057693,1.0,0.0,30.0,1
2015.0,18.076923,0.0,1.0,29.0,1
2015.0,2.8846154,0.0,0.0,28.0,1
2015.0,25.0,0.0,0.0,27.0,1
2015.0,24.475525,1.0,0.0,34.0,1
2015.0,14.423077,1.0,0.0,33.0,1
2015.0,17.307692,0.0,0.0,32.0,1
2015.0,21.634615,0.0,1.0,27.0,1
2015.0,29.807692,1.0,0.0,27.0,1
2015.0,19.23077,1.0,0.0,25.0,1
2015.0,20.833334,1.0,0.0,32.0,1
2015.0,4.8076925,0.0,1.0,33.0,1
2015.0,19.23077,1.0,0.0,26.0,1
2015.0,4.259295,0.0,0.0,27.0,1
2015.0,20.512821,0.0,1.0,30.0,1
2015.0,15.70577,1.0,1.0,29.0,1
2015.0,17.788462,1.0,0.0,28.0,1
2015.0,6.5934067,0.0,0.0,25.0,1
2015.0,17.307692,0.0,0.0,31.0,1
2015.0,6.25,0.0,1.0,26.0,1
2015.0,7.6923075,1.0,1.0,31.0,1
2015.0,33.653847,0.0,0.0,25.0,1
2015.0,14.17004,1.0,1.0,33.0,1
2015.0,11.538462,0.0,0.0,31.0,1
2015.0,6.730769,0.0,1.0,31.0,1
2015.0,36.057693,1.0,0.0,34.0,1
2015.0,8.241758,0.0,0.0,25.0,1
2015.0,38.942307,0.0,0.0,29.0,1
2015.0,16.153847,0.0,0.0,33.0,1
2015.0,11.826923,0.0,0.0,31.0,1
2015.0,24.038462,1.0,0.0,33.0,1
2015.0,9.615385,0.0,0.0,34.0,1
2015.0,14.811784,0.0,0.0,30.0,1
2015.0,17.032967,0.0,1.0,31.0,1
2015.0,13.416816,0.0,0.0,25.0,1
2015.0,15.384615,1.0,0.0,26.0,1
2015.0,32.451923,1.0,1.0,27.0,1
2015.0,4.8076925,0.0,1.0,25.0,1
2015.0,52.884617,1.0,0.0,31.0,1
2015.0,10.576923,1.0,1.0,29.0,1
2015.0,48.076923,1.0,0.0,29.0,1
2015.0,26.923077,1.0,1.0,32.0,1
2015.0,16.826923,0.0,1.0,31.0,1
2015.0,12.019231,1.0,1.0,26.0,1
2015.0,14.903846,0.0,0.0,30.0,1
2015.0,14.423077,1.0,1.0,29.0,1
2015.0,42.307693,1.0,0.0,27.0,1
2015.0,23.846153,1.0,1.0,34.0,1
2015.0,14.423077,1.0,0.0,33.0,1
2015.0,35.096153,0.0,0.0,33.0,1
2015.0,11.538462,0.0,0.0,32.0,1
2015.0,55.473373,0.0,0.0,33.0,1
2015.0,40.865383,0.0,0.0,33.0,1
2015.0,12.5,0.0,0.0,27.0,1
2015.0,11.538462,0.0,0.0,34.0,1
2015.0,39.903847,1.0,0.0,26.0,1
2015.0,44.23077,1.0,0.0,25.0,1
2015.0,52.884617,1.0,0.0,29.0,1
2015.0,16.826923,0.0,0.0,26.0,1
2015.0,12.019231,0.0,0.0,32.0,1
2015.0,21.794872,1.0,0.0,31.0,1
2015.0,20.192308,1.0,1.0,27.0,1
2015.0,4.259295,0.0,0.0,26.0,1
2015.0,26.31579,0.0,1.0,29.0,1
2015.0,12.019231,0.0,0.0,32.0,1
2015.0,13.942307,0.0,0.0,30.0,1
2015.0,23.076923,0.0,0.0,25.0,1
2015.0,9.615385,0.0,0.0,30.0,1
2015.0,14.423077,0.0,1.0,34.0,1
2015.0,15.384615,0.0,0.0,26.0,1
2015.0,16.826923,1.0,1.0,34.0,1
2015.0,24.038462,1.0,1.0,32.0,1
2015.0,24.038462,1.0,0.0,33.0,1
2015.0,29.91453,1.0,0.0,30.0,1
2015.0,5.6089745,1.0,1.0,27.0,1
2015.0,28.846153,0.0,1.0,27.0,1
2015.0,14.423077,0.0,1.0,29.0,1
2015.0,28.846153,1.0,1.0,30.0,1
2015.0,28.846153,0.0,0.0,31.0,1
2015.0,33.653847,1.0,1.0,30.0,1
2015.0,13.461538,0.0,0.0,30.0,1
2015.0,19.23077,1.0,1.0,33.0,1
2015.0,12.087913,1.0,1.0,32.0,1
2015.0,14.1941395,1.0,0.0,32.0,1
2015.0,27.403847,0.0,0.0,34.0,1
2015.0,19.23077,0.0,0.0,26.0,1
2015.0,21.634615,1.0,0.0,34.0,1
2015.0,39.215687,1.0,0.0,28.0,1
2015.0,44.117645,1.0,1.0,34.0,1
2015.0,10.57548,0.0,0.0,27.0,1
2015.0,13.0,0.0,1.0,25.0,1
2015.0,25.48077,0.0,0.0,27.0,1
2015.0,29.807692,1.0,0.0,33.0,1
2015.0,10.683761,0.0,0.0,26.0,1
2015.0,9.615385,0.0,1.0,28.0,1
2015.0,14.423077,1.0,0.0,31.0,1
2015.0,19.791666,1.0,1.0,30.0,1
2015.0,35.714287,0.0,0.0,30.0,1
2015.0,19.23077,0.0,0.0,34.0,1
2015.0,7.6028624,0.0,1.0,26.0,1
2015.0,15.182186,0.0,1.0,28.0,1
2015.0,19.23077,1.0,0.0,30.0,1
2015.0,5.769231,1.0,1.0,28.0,1
2015.0,9.807693,1.0,0.0,28.0,1
2015.0,28.846153,0.0,0.0,29.0,1
2015.0,6.5934067,1.0,1.0,34.0,1
2015.0,16.826923,0.0,1.0,25.0,1
2015.0,25.641026,1.0,0.0,32.0,1
2015.0,21.367521,0.0,0.0,33.0,1
2015.0,15.769231,1.0,1.0,34.0,1
2015.0,23.076923,0.0,0.0,30.0,1
2015.0,10.432693,0.0,1.0,26.0,1
2015.0,22.115385,1.0,1.0,33.0,1
2015.0,28.846153,0.0,1.0,27.0,1
2015.0,19.23077,0.0,1.0,33.0,1
2015.0,72.11539,1.0,0.0,32.0,1
2015.0,33.653847,1.0,1.0,33.0,1
2015.0,4.8076925,0.0,0.0,32.0,1
2015.0,10.096154,0.0,0.0,29.0,1
2015.0,9.615385,0.0,1.0,27.0,1
2015.0,26.923077,1.0,1.0,30.0,1
2015.0,26.923077,1.0,0.0,31.0,1
2015.0,76.92308,1.0,0.0,34.0,1
2015.0,18.08608,0.0,0.0,29.0,1
2015.0,31.25,1.0,1.0,34.0,1
2015.0,21.153847,0.0,0.0,31.0,1
2015.0,21.634615,1.0,0.0,34.0,1
2015.0,48.076923,1.0,1.0,30.0,1
2015.0,8.131868,0.0,1.0,25.0,1
2015.0,11.538462,1.0,1.0,26.0,1
2015.0,11.245445,0.0,0.0,27.0,1
2015.0,23.74963,0.0,0.0,25.0,1
2015.0,12.980769,0.0,1.0,30.0,1
2015.0,28.846153,1.0,0.0,34.0,1
2015.0,16.826923,1.0,1.0,32.0,1
2015.0,14.423077,1.0,1.0,34.0,1
2015.0,10.096154,0.0,1.0,30.0,1
2015.0,9.5,0.0,0.0,32.0,1
2015.0,24.038462,1.0,0.0,31.0,1
2015.0,38.46154,0.0,0.0,28.0,1
2015.0,28.549145,1.0,1.0,32.0,1
2015.0,9.89011,0.0,0.0,28.0,1
2015.0,8.653846,1.0,1.0,31.0,1
2015.0,23.076923,0.0,1.0,30.0,1
2015.0,8.041958,0.0,1.0,26.0,1
2015.0,26.442308,1.0,1.0,25.0,1
2015.0,6.730769,0.0,1.0,29.0,1
2015.0,12.145749,0.0,1.0,32.0,1
2015.0,10.096154,1.0,1.0,26.0,1
2015.0,15.384615,0.0,0.0,26.0,1
2015.0,17.307692,0.0,1.0,30.0,1
2015.0,17.094017,0.0,0.0,31.0,1
2015.0,11.858974,0.0,0.0,25.0,1
2015.0,6.2,0.0,1.0,26.0,1
2015.0,9.230769,1.0,1.0,27.0,1
2015.0,12.5,0.0,0.0,25.0,1
2015.0,8.413462,1.0,1.0,34.0,1
2015.0,8.897863,0.0,0.0,29.0,1
2015.0,23.26923,0.0,0.0,34.0,1
2015.0,19.23077,0.0,1.0,31.0,1
2015.0,8.333333,0.0,0.0,33.0,1
2015.0,20.192308,0.0,0.0,28.0,1
2015.0,8.653846,0.0,1.0,26.0,1
2015.0,24.038462,0.0,0.0,34.0,1
2015.0,16.346153,1.0,1.0,31.0,1
2015.0,12.067307,0.0,1.0,28.0,1
2015.0,11.057693,1.0,1.0,26.0,1
2015.0,15.162722,1.0,0.0,34.0,1
2015.0,15.384615,0.0,0.0,28.0,1
2015.0,12.980769,0.0,0.0,32.0,1
2015.0,46.958855,1.0,0.0,32.0,1
2015.0,15.384615,1.0,1.0,30.0,1
2015.0,15.881731,0.0,0.0,26.0,1
2015.0,43.790848,0.0,0.0,30.0,1
2015.0,17.788462,0.0,1.0,30.0,1
2015.0,21.634615,1.0,0.0,33.0,1
2015.0,29.807692,0.0,0.0,30.0,1
2015.0,17.307692,1.0,0.0,29.0,1
2015.0,13.461538,0.0,0.0,32.0,1
2015.0,11.057693,0.0,0.0,33.0,1
2015.0,7.352941,0.0,0.0,31.0,1
2015.0,16.17647,0.0,0.0,28.0,1
2015.0,9.615385,0.0,1.0,26.0,1
2015.0,15.865385,0.0,0.0,33.0,1
2015.0,19.711538,0.0,1.0,25.0,1
2015.0,9.89011,0.0,0.0,27.0,1
2015.0,14.230769,0.0,0.0,25.0,1
2015.0,13.461538,0.0,0.0,32.0,1
2015.0,16.826923,0.0,1.0,28.0,1
2015.0,14.423077,0.0,1.0,28.0,1
2015.0,21.634615,1.0,1.0,31.0,1
2015.0,7.6923075,0.0,1.0,28.0,1
2015.0,14.529915,0.0,0.0,27.0,1
2015.0,16.346153,0.0,0.0,32.0,1
2015.0,5.3418803,0.0,1.0,25.0,1
2015.0,17.628204,0.0,0.0,32.0,1
2015.0,15.0,1.0,1.0,32.0,1
2015.0,10.769231,0.0,0.0,30.0,1
2015.0,21.298077,1.0,0.0,25.0,1
2015.0,12.5,0.0,0.0,33.0,1
2015.0,16.826923,0.0,0.0,28.0,1
2015.0,19.23077,0.0,0.0,29.0,1
2015.0,8.173077,0.0,1.0,29.0,1
2015.0,19.23077,0.0,0.0,26.0,1
2015.0,38.46154,0.0,0.0,34.0,1
2015.0,25.0,1.0,0.0,29.0,1
2015.0,18.26923,1.0,1.0,29.0,1
2015.0,15.384615,0.0,0.0,32.0,1
2015.0,19.23077,0.0,0.0,34.0,1
2015.0,7.2115383,0.0,1.0,27.0,1
2015.0,14.423077,0.0,0.0,31.0,1
2015.0,48.076923,1.0,1.0,31.0,1
2015.0,12.019231,0.0,1.0,27.0,1
2015.0,32.21154,1.0,0.0,28.0,1
2015.0,21.367521,1.0,0.0,30.0,1
2015.0,9.245563,0.0,0.0,28.0,1
2015.0,34.615383,1.0,0.0,26.0,1
2015.0,14.423077,1.0,1.0,26.0,1
2015.0,26.923077,1.0,1.0,25.0,1
2015.0,24.038462,1.0,1.0,27.0,1
2015.0,14.769231,0.0,0.0,26.0,1
2015.0,8.307693,0.0,1.0,34.0,1
2015.0,14.423077,0.0,0.0,28.0,1
2015.0,33.653847,1.0,0.0,30.0,1
2015.0,19.23077,1.0,0.0,31.0,1
2015.0,13.0,0.0,0.0,31.0,1
2015.0,20.202564,1.0,0.0,32.0,1
2015.0,15.384615,1.0,1.0,32.0,1
2015.0,20.673077,0.0,0.0,26.0,1
2015.0,13.461538,0.0,0.0,34.0,1
2015.0,42.307693,1.0,0.0,30.0,1
2015.0,26.442308,1.0,1.0,29.0,1
2015.0,23.076923,1.0,0.0,28.0,1
2015.0,24.038462,1.0,0.0,33.0,1
2015.0,10.096154,0.0,0.0,29.0,1
2015.0,11.936339,0.0,0.0,26.0,1
2015.0,12.019231,0.0,1.0,25.0,1
2015.0,31.153847,1.0,0.0,34.0,1
2015.0,19.23077,0.0,0.0,26.0,1
2015.0,28.365385,1.0,1.0,27.0,1
2015.0,14.423077,0.0,0.0,34.0,1
2015.0,13.186813,0.0,1.0,33.0,1
2015.0,23.557692,0.0,0.0,33.0,1
2015.0,14.182693,0.0,0.0,27.0,1
2015.0,14.285714,0.0,0.0,30.0,1
2015.0,42.307693,1.0,0.0,26.0,1
2015.0,16.02564,0.0,1.0,26.0,1
2015.0,9.615385,0.0,0.0,31.0,1
2015.0,7.2115383,1.0,1.0,29.0,1
2015.0,37.39316,1.0,1.0,30.0,1
2015.0,10.316937,0.0,1.0,34.0,1
2015.0,14.423077,0.0,0.0,28.0,1
2015.0,7.2115383,0.0,0.0,25.0,1
2015.0,24.038462,1.0,0.0,32.0,1
2015.0,12.087913,0.0,0.0,31.0,1
2015.0,14.814815,1.0,1.0,32.0,1
2015.0,16.826923,0.0,0.0,28.0,1
2015.0,21.634615,0.0,0.0,25.0,1
2015.0,43.26923,0.0,0.0,27.0,1
2015.0,12.067307,0.0,1.0,30.0,1
2015.0,26.923077,0.0,0.0,33.0,1
2015.0,14.423077,0.0,0.0,34.0,1
2015.0,28.846153,1.0,1.0,33.0,1
2015.0,27.403847,1.0,0.0,27.0,1
2015.0,22.435898,1.0,1.0,32.0,1
2015.0,14.423077,1.0,1.0,32.0,1
2015.0,26.442308,0.0,0.0,25.0,1
2015.0,15.0,0.0,1.0,26.0,1
2015.0,19.038462,0.0,0.0,29.0,1
2015.0,19.038462,0.0,1.0,29.0,1
2015.0,13.461538,0.0,1.0,33.0,1
2015.0,30.76923,1.0,0.0,34.0,1
2015.0,15.384615,1.0,1.0,31.0,1
2015.0,7.6923075,0.0,0.0,33.0,1
2015.0,26.442308,1.0,1.0,30.0,1
2015.0,12.019231,0.0,1.0,27.0,1
2015.0,9.230769,1.0,1.0,27.0,1
2015.0,10.256411,0.0,1.0,32.0,1
2015.0,22.435898,1.0,0.0,34.0,1
2015.0,15.811966,1.0,1.0,33.0,1
2015.0,26.923077,1.0,0.0,32.0,1
2015.0,12.019231,0.0,0.0,25.0,1
2015.0,20.09804,1.0,1.0,34.0,1
2015.0,17.5,0.0,0.0,31.0,1
2015.0,9.340659,0.0,1.0,26.0,1
2015.0,4.8076925,0.0,1.0,33.0,1
2015.0,42.735043,0.0,0.0,33.0,1
2015.0,7.2115383,0.0,1.0,34.0,1
2015.0,44.71154,1.0,0.0,32.0,1
2015.0,14.423077,0.0,0.0,28.0,1
2015.0,15.384615,1.0,1.0,30.0,1
2015.0,14.423077,0.0,1.0,34.0,1
2015.0,5.769231,1.0,0.0,26.0,1
2015.0,12.019231,0.0,1.0,25.0,1
2015.0,14.423077,0.0,1.0,27.0,1
2015.0,12.820513,0.0,0.0,27.0,1
2015.0,18.26923,0.0,1.0,31.0,1
2015.0,11.057693,0.0,1.0,28.0,1
2015.0,13.846154,1.0,1.0,34.0,1
2015.0,55.28846,1.0,0.0,31.0,1
2015.0,14.423077,0.0,1.0,26.0,1
2015.0,9.615385,0.0,1.0,34.0,1
2015.0,5.1923075,1.0,0.0,27.0,1
2015.0,40.59829,0.0,0.0,30.0,1
2015.0,18.75,1.0,1.0,25.0,1
2015.0,16.826923,0.0,1.0,33.0,1
2015.0,47.00855,1.0,0.0,29.0,1
2015.0,30.34188,1.0,1.0,25.0,1
2015.0,50.0,1.0,0.0,31.0,1
2015.0,10.0,0.0,0.0,25.0,1
2015.0,16.346153,0.0,1.0,33.0,1
2015.0,20.192308,1.0,1.0,32.0,1
2015.0,19.23077,1.0,0.0,31.0,1
2015.0,13.942307,0.0,1.0,32.0,1
2015.0,19.23077,1.0,1.0,26.0,1
2015.0,14.423077,0.0,1.0,27.0,1
2015.0,15.625,1.0,1.0,31.0,1
2015.0,21.634615,1.0,0.0,27.0,1
2015.0,21.634615,1.0,1.0,29.0,1
2015.0,33.653847,1.0,0.0,32.0,1
2015.0,7.2115383,0.0,0.0,27.0,1
2015.0,43.26923,1.0,1.0,33.0,1
2015.0,21.634615,0.0,1.0,34.0,1
2015.0,46.958855,1.0,0.0,27.0,1
2015.0,24.038462,1.0,1.0,25.0,1
2015.0,14.285714,1.0,1.0,26.0,1
2015.0,28.846153,1.0,0.0,29.0,1
2015.0,4.8076925,0.0,0.0,26.0,1
2015.0,36.53846,1.0,1.0,34.0,1
2015.0,14.423077,0.0,1.0,29.0,1
2015.0,16.642012,1.0,1.0,30.0,1
2015.0,46.153847,1.0,1.0,32.0,1
2015.0,8.333333,0.0,0.0,28.0,1
2015.0,12.5,0.0,1.0,25.0,1
2015.0,21.367521,0.0,1.0,33.0,1
2015.0,38.46154,1.0,1.0,34.0,1
2015.0,10.576923,0.0,1.0,32.0,1
2015.0,21.634615,1.0,1.0,30.0,1
2015.0,34.615383,1.0,0.0,33.0,1
2015.0,36.058655,1.0,0.0,34.0,1
2015.0,8.653846,0.0,0.0,30.0,1
2015.0,7.6923075,0.0,1.0,30.0,1
2015.0,5.1282053,0.0,0.0,26.0,1
2015.0,84.61539,1.0,0.0,30.0,1
2015.0,60.0,1.0,0.0,30.0,1
2015.0,17.307692,1.0,1.0,33.0,1
2015.0,17.094017,0.0,0.0,30.0,1
2015.0,17.094017,1.0,1.0,31.0,1
2015.0,28.846153,1.0,1.0,31.0,1
2015.0,38.46154,1.0,1.0,34.0,1
2015.0,16.826923,1.0,1.0,34.0,1
2015.0,16.826923,0.0,0.0,25.0,1
2015.0,18.26923,0.0,1.0,30.0,1
2015.0,5.769231,0.0,1.0,30.0,1
2015.0,23.798077,1.0,0.0,34.0,1
2015.0,50.48077,1.0,1.0,28.0,1
2015.0,25.0,1.0,1.0,34.0,1
2015.0,16.826923,0.0,1.0,28.0,1
2015.0,12.5,0.0,1.0,34.0,1
2015.0,8.4008,1.0,0.0,26.0,1
2015.0,15.811966,1.0,1.0,29.0,1
2015.0,7.2115383,0.0,0.0,33.0,1
2015.0,11.057693,0.0,1.0,30.0,1
2015.0,29.807692,1.0,1.0,28.0,1
2015.0,33.653847,1.0,0.0,25.0,1
2015.0,16.3,1.0,1.0,32.0,1
2015.0,26.153847,1.0,0.0,33.0,1
2015.0,42.307693,1.0,0.0,34.0,1
2015.0,31.25,1.0,0.0,29.0,1
2015.0,20.192308,0.0,1.0,30.0,1
2015.0,24.038462,0.0,0.0,30.0,1
2015.0,16.826923,0.0,0.0,30.0,1
2015.0,19.23077,1.0,1.0,26.0,1
2015.0,14.673077,1.0,0.0,33.0,1
2015.0,39.903847,1.0,1.0,34.0,1
2015.0,17.788462,1.0,0.0,32.0,1
2015.0,13.75,1.0,1.0,25.0,1
2015.0,13.675214,0.0,0.0,34.0,1
2015.0,11.057693,0.0,0.0,26.0,1
2015.0,19.23077,1.0,0.0,32.0,1
2015.0,31.25,1.0,1.0,28.0,1
2015.0,14.423077,1.0,0.0,34.0,1
2015.0,16.826923,0.0,1.0,32.0,1
2015.0,30.76923,1.0,1.0,27.0,1
2015.0,28.846153,1.0,1.0,29.0,1
2015.0,30.76923,1.0,1.0,26.0,1
2015.0,12.019231,0.0,0.0,29.0,1
2015.0,13.942307,0.0,1.0,29.0,1
2015.0,14.423077,0.0,0.0,28.0,1
2015.0,16.02564,1.0,1.0,33.0,1
2015.0,15.592516,0.0,0.0,26.0,1
2015.0,16.153847,0.0,1.0,30.0,1
2015.0,22.115385,1.0,0.0,29.0,1
2015.0,28.846153,1.0,0.0,28.0,1
2015.0,44.378696,1.0,0.0,28.0,1
2015.0,29.086538,1.0,0.0,26.0,1
2015.0,42.78846,1.0,0.0,34.0,1
2015.0,21.634615,1.0,1.0,28.0,1
2015.0,10.576923,0.0,1.0,28.0,1
2015.0,15.139116,0.0,0.0,25.0,1
2015.0,24.038462,1.0,0.0,32.0,1
2015.0,19.23077,1.0,1.0,31.0,1
2015.0,26.442308,1.0,0.0,26.0,1
2015.0,21.634615,1.0,1.0,25.0,1
2015.0,17.884615,0.0,0.0,28.0,1
2015.0,69.23077,1.0,0.0,26.0,1
2015.0,32.692307,1.0,1.0,33.0,1
2015.0,16.826923,0.0,0.0,34.0,1
2015.0,26.442308,1.0,1.0,29.0,1
2015.0,72.11539,1.0,0.0,31.0,1
2015.0,11.217949,0.0,0.0,34.0,1
2015.0,25.76923,0.0,0.0,28.0,1
2015.0,24.038462,1.0,0.0,27.0,1
2015.0,60.096153,1.0,1.0,33.0,1
2015.0,25.641026,1.0,1.0,33.0,1
2015.0,20.979021,1.0,0.0,26.0,1
2015.0,13.942307,0.0,0.0,34.0,1
2015.0,12.820513,0.0,0.0,32.0,1
2015.0,5.769231,0.0,0.0,34.0,1
2015.0,24.038462,0.0,1.0,31.0,1
2015.0,14.835165,0.0,0.0,25.0,1
2015.0,24.038462,0.0,0.0,25.0,1
2015.0,25.641026,1.0,0.0,34.0,1
2015.0,16.826923,0.0,0.0,32.0,1
2015.0,24.038462,1.0,1.0,32.0,1
2015.0,12.019231,0.0,1.0,28.0,1
2015.0,38.46154,1.0,1.0,33.0,1
2015.0,52.884617,1.0,0.0,33.0,1
2015.0,16.826923,1.0,0.0,32.0,1
2015.0,14.423077,0.0,0.0,33.0,1
2015.0,12.019231,0.0,1.0,34.0,1
2015.0,10.683761,0.0,0.0,33.0,1
2015.0,18.076923,1.0,0.0,29.0,1
2015.0,16.826923,1.0,0.0,31.0,1
2015.0,30.288462,0.0,1.0,30.0,1
2015.0,32.21154,0.0,0.0,28.0,1
2015.0,27.64423,0.0,0.0,29.0,1
2015.0,28.846153,1.0,0.0,34.0,1
2015.0,12.75,0.0,0.0,29.0,1
2015.0,11.0,0.0,0.0,34.0,1
2015.0,12.406593,1.0,1.0,26.0,1
2015.0,19.23077,1.0,1.0,26.0,1
2015.0,25.0,1.0,0.0,29.0,1
2015.0,12.019231,1.0,0.0,26.0,1
2015.0,34.615383,1.0,1.0,31.0,1
2015.0,12.019231,0.0,0.0,32.0,1
2015.0,15.384615,0.0,1.0,33.0,1
2015.0,33.653847,1.0,1.0,34.0,1
2015.0,24.038462,1.0,1.0,27.0,1
2015.0,39.31624,1.0,0.0,30.0,1
2015.0,15.384615,0.0,0.0,33.0,1
2015.0,11.188811,0.0,0.0,29.0,1
2015.0,5.15625,1.0,0.0,34.0,1
2015.0,21.634615,1.0,1.0,27.0,1
2015.0,29.807692,1.0,0.0,31.0,1
2015.0,10.256411,0.0,0.0,25.0,1
2015.0,19.231731,1.0,0.0,31.0,1
2015.0,7.0,1.0,1.0,29.0,1
2015.0,12.3626375,0.0,1.0,34.0,1
2015.0,12.823558,0.0,0.0,30.0,1
2015.0,24.038462,0.0,0.0,33.0,1
2015.0,19.23077,0.0,0.0,31.0,1
2015.0,33.653847,0.0,0.0,32.0,1
2015.0,8.653846,0.0,1.0,29.0,1
2015.0,22.115385,1.0,1.0,31.0,1
2015.0,14.423077,1.0,0.0,28.0,1
2015.0,28.701923,0.0,0.0,32.0,1
2015.0,7.6923075,1.0,0.0,28.0,1
2015.0,20.340237,1.0,0.0,34.0,1
2015.0,18.589743,1.0,0.0,28.0,1
2015.0,30.288462,0.0,0.0,30.0,1
2015.0,17.934067,0.0,1.0,25.0,1
2015.0,38.46154,0.0,1.0,27.0,1
2015.0,28.846153,1.0,1.0,27.0,1
2015.0,21.634615,1.0,1.0,29.0,1
2015.0,31.25,0.0,1.0,30.0,1
2015.0,14.423077,1.0,1.0,25.0,1
2015.0,57.692307,1.0,0.0,27.0,1
2015.0,57.692307,1.0,0.0,27.0,1
2015.0,22.727272,0.0,0.0,33.0,1
2015.0,27.564102,1.0,0.0,31.0,1
2015.0,11.538462,1.0,1.0,32.0,1
2015.0,12.980769,0.0,1.0,32.0,1
2015.0,20.833334,1.0,1.0,27.0,1
2015.0,14.423077,1.0,0.0,27.0,1
2015.0,32.692307,1.0,1.0,28.0,1
2015.0,27.884615,1.0,1.0,32.0,1
2015.0,19.23077,1.0,1.0,28.0,1
2015.0,45.673077,0.0,1.0,30.0,1
2015.0,24.038782,0.0,0.0,30.0,1
2015.0,23.076923,1.0,1.0,33.0,1
2015.0,11.538462,0.0,0.0,27.0,1
2015.0,21.25506,1.0,1.0,25.0,1
2015.0,8.791209,0.0,1.0,25.0,1
2015.0,10.096154,0.0,0.0,30.0,1
2015.0,13.942307,0.0,1.0,26.0,1
2015.0,10.096154,1.0,1.0,33.0,1
2015.0,4.6153846,0.0,0.0,34.0,1
2015.0,7.2115383,0.0,1.0,33.0,1
2015.0,12.943787,1.0,0.0,27.0,1
2015.0,9.615385,1.0,0.0,27.0,1
2015.0,15.384615,0.0,0.0,27.0,1
2015.0,14.423077,0.0,1.0,32.0,1
2015.0,8.653846,0.0,0.0,28.0,1
2015.0,9.615385,1.0,1.0,26.0,1
2015.0,15.532544,1.0,1.0,33.0,1
2015.0,8.5,0.0,1.0,32.0,1
2015.0,26.442308,1.0,1.0,33.0,1
2015.0,30.288462,1.0,1.0,34.0,1
2015.0,19.23077,1.0,1.0,28.0,1
2015.0,25.520834,1.0,0.0,31.0,1
2015.0,24.038462,1.0,0.0,30.0,1
2015.0,23.076923,1.0,1.0,29.0,1
2015.0,26.442308,1.0,1.0,28.0,1
2015.0,19.23077,1.0,0.0,29.0,1
2015.0,25.0,1.0,1.0,30.0,1
2015.0,15.0,0.0,0.0,31.0,1
2015.0,8.0,0.0,1.0,30.0,1
2015.0,19.23077,0.0,0.0,28.0,1
2015.0,16.0,0.0,0.0,30.0,1
2015.0,14.903846,1.0,0.0,33.0,1
2015.0,32.05128,1.0,0.0,33.0,1
2015.0,21.079882,0.0,0.0,33.0,1
2015.0,28.846153,1.0,1.0,28.0,1
2015.0,16.826923,1.0,0.0,34.0,1
2015.0,21.634615,1.0,1.0,33.0,1
2015.0,15.384615,0.0,0.0,26.0,1
2015.0,12.5,0.0,1.0,29.0,1
2015.0,44.23077,1.0,0.0,30.0,1
2015.0,28.846153,1.0,1.0,27.0,1
2015.0,18.162394,1.0,0.0,30.0,1
2015.0,7.142857,1.0,1.0,31.0,1
2015.0,19.23077,0.0,0.0,25.0,1
2015.0,24.038462,1.0,1.0,26.0,1
2015.0,19.23077,0.0,0.0,25.0,1
2015.0,12.019231,0.0,0.0,32.0,1
2015.0,28.807692,1.0,0.0,32.0,1
2015.0,12.019231,0.0,1.0,29.0,1
2015.0,23.076923,1.0,1.0,25.0,1
2015.0,11.965812,0.0,1.0,25.0,1
2015.0,30.76923,0.0,0.0,34.0,1
2015.0,48.076923,1.0,0.0,30.0,1
2015.0,33.653847,1.0,1.0,26.0,1
2015.0,21.634615,0.0,0.0,34.0,1
2015.0,9.245563,0.0,0.0,32.0,1
2015.0,18.0,0.0,0.0,26.0,1
2015.0,81.73077,1.0,0.0,28.0,1
2015.0,16.923077,0.0,0.0,31.0,1
2015.0,21.794872,1.0,0.0,31.0,1
2015.0,20.08547,0.0,0.0,27.0,1
2015.0,21.634615,0.0,0.0,29.0,1
2015.0,21.153847,0.0,0.0,25.0,1
2015.0,6.730769,0.0,1.0,32.0,1
2015.0,38.46154,1.0,1.0,26.0,1
2015.0,19.23077,1.0,0.0,27.0,1
2015.0,17.307692,1.0,1.0,31.0,1
2015.0,49.019608,1.0,0.0,34.0,1
2015.0,12.019231,0.0,0.0,26.0,1
2015.0,31.25,1.0,0.0,28.0,1
2015.0,12.019231,0.0,0.0,28.0,1
2015.0,9.615385,0.0,0.0,28.0,1
2015.0,15.384615,1.0,1.0,26.0,1
2015.0,4.8076925,0.0,0.0,25.0,1
2015.0,26.442308,1.0,1.0,28.0,1
2015.0,23.60577,1.0,0.0,26.0,1
2015.0,8.653846,0.0,0.0,31.0,1
2015.0,31.25,0.0,0.0,34.0,1
2015.0,19.23077,1.0,1.0,25.0,1
2015.0,10.73718,1.0,0.0,26.0,1
2015.0,21.634615,1.0,1.0,28.0,1
2015.0,29.326923,1.0,0.0,30.0,1
2015.0,14.423077,1.0,1.0,31.0,1
2015.0,14.423077,1.0,0.0,26.0,1
2015.0,58.8697,1.0,0.0,34.0,1
2015.0,16.826923,1.0,1.0,25.0,1
2015.0,11.217949,1.0,0.0,26.0,1
2015.0,32.692307,0.0,0.0,33.0,1
2015.0,12.087913,0.0,1.0,31.0,1
2015.0,14.423077,0.0,0.0,29.0,1
2015.0,41.666668,1.0,0.0,26.0,1
2015.0,14.711538,0.0,1.0,28.0,1
2015.0,62.5,1.0,0.0,30.0,1
2015.0,16.826923,1.0,1.0,32.0,1
2015.0,10.576923,0.0,1.0,25.0,1
2015.0,16.642012,0.0,0.0,30.0,1
2015.0,22.596153,1.0,0.0,31.0,1
2015.0,4.326923,1.0,1.0,27.0,1
2015.0,12.019231,0.0,0.0,30.0,1
2015.0,15.384615,0.0,0.0,30.0,1
2015.0,47.115383,0.0,0.0,32.0,1
2015.0,15.384615,0.0,1.0,34.0,1
2015.0,9.615385,1.0,0.0,25.0,1
2015.0,6.730769,0.0,0.0,29.0,1
2015.0,16.0,1.0,0.0,29.0,1
2015.0,20.192308,0.0,1.0,29.0,1
2015.0,19.23077,0.0,0.0,29.0,1
2015.0,13.461538,0.0,0.0,25.0,1
2015.0,9.615385,1.0,1.0,30.0,1
2015.0,20.192308,1.0,0.0,27.0,1
2015.0,3.125,0.0,0.0,29.0,1
2015.0,7.2115383,0.0,1.0,34.0,1
2015.0,9.375,1.0,1.0,28.0,1
2015.0,6.5934067,1.0,1.0,32.0,1
2015.0,14.529915,0.0,0.0,31.0,1
2015.0,25.0,0.0,1.0,30.0,1
2015.0,26.442308,1.0,1.0,30.0,1
2015.0,72.11539,1.0,1.0,34.0,1
2015.0,16.826923,1.0,1.0,26.0,1
2015.0,29.341454,1.0,0.0,33.0,1
2015.0,11.0,0.0,0.0,32.0,1
2015.0,23.846153,1.0,0.0,26.0,1
2015.0,76.92308,0.0,0.0,32.0,1
2015.0,16.826923,1.0,0.0,27.0,1
2015.0,15.384615,1.0,0.0,34.0,1
2015.0,40.865383,1.0,0.0,33.0,1
2015.0,29.72028,1.0,0.0,30.0,1
2015.0,7.6923075,0.0,0.0,25.0,1
2015.0,7.2115383,0.0,0.0,31.0,1
2015.0,19.23077,0.0,1.0,31.0,1
2015.0,16.826923,0.0,0.0,26.0,1
2015.0,19.23077,1.0,0.0,25.0,1
2015.0,6.735324,0.0,0.0,31.0,1
2015.0,19.23077,1.0,1.0,34.0,1
2015.0,57.692307,0.0,0.0,33.0,1
2015.0,19.23077,0.0,0.0,34.0,1
2015.0,13.736263,0.0,1.0,31.0,1
2015.0,37.884617,0.0,0.0,29.0,1
2015.0,9.245563,1.0,1.0,25.0,1
2015.0,7.3964496,0.0,0.0,33.0,1
2015.0,13.943269,0.0,0.0,25.0,1
2015.0,24.038462,1.0,0.0,27.0,1
2015.0,16.826923,1.0,1.0,28.0,1
2015.0,28.846153,1.0,1.0,26.0,1
2015.0,24.038462,1.0,0.0,27.0,1
2015.0,12.019231,1.0,0.0,25.0,1
2015.0,13.221154,0.0,0.0,30.0,1
2015.0,20.673077,0.0,0.0,26.0,1
2015.0,15.384615,0.0,0.0,26.0,1
2015.0,14.423077,0.0,1.0,30.0,1
2015.0,6.730769,0.0,0.0,26.0,1
2015.0,22.596153,1.0,1.0,32.0,1
2015.0,14.423077,0.0,0.0,30.0,1
2015.0,29.807692,0.0,0.0,31.0,1
2015.0,19.23077,0.0,0.0,25.0,1
2015.0,55.28846,1.0,0.0,27.0,1
2015.0,12.019231,0.0,1.0,33.0,1
2015.0,33.653847,0.0,0.0,31.0,1
2015.0,14.423077,0.0,1.0,29.0,1
2015.0,15.384615,0.0,0.0,28.0,1
2015.0,38.46154,0.0,0.0,29.0,1
2015.0,16.826923,0.0,1.0,31.0,1
2015.0,43.26923,0.0,0.0,28.0,1
2015.0,9.192307,0.0,0.0,29.0,1
2015.0,20.192308,1.0,0.0,26.0,1
2015.0,16.826923,0.0,0.0,29.0,1
2015.0,13.461538,0.0,0.0,33.0,1
2015.0,21.634615,1.0,1.0,32.0,1
2015.0,13.461538,1.0,1.0,32.0,1
2015.0,55.76923,1.0,0.0,33.0,1
2015.0,21.901442,1.0,0.0,30.0,1
2015.0,65.0,1.0,0.0,25.0,1
2015.0,13.5,1.0,1.0,27.0,1
2015.0,7.6923075,0.0,0.0,33.0,1
2015.0,35.042736,1.0,0.0,29.0,1
2015.0,14.379085,0.0,0.0,25.0,1
2015.0,16.826923,0.0,1.0,25.0,1
2015.0,21.634615,0.0,0.0,34.0,1
2015.0,19.23077,1.0,1.0,28.0,1
2015.0,43.26923,1.0,0.0,29.0,1
2015.0,11.0,0.0,0.0,30.0,1
2015.0,14.711538,0.0,1.0,28.0,1
2015.0,26.923077,1.0,1.0,27.0,1
2015.0,11.538462,0.0,1.0,29.0,1
2015.0,10.096154,0.0,0.0,32.0,1
2015.0,25.641026,0.0,1.0,34.0,1
2015.0,18.571428,1.0,0.0,31.0,1
2015.0,16.346153,0.0,0.0,33.0,1
2015.0,9.615385,1.0,1.0,25.0,1
2015.0,11.057693,0.0,0.0,29.0,1
2015.0,13.942307,0.0,0.0,33.0,1
2015.0,21.978022,0.0,0.0,27.0,1
2015.0,23.076923,1.0,0.0,34.0,1
2015.0,19.23077,0.0,1.0,25.0,1
2015.0,16.826923,0.0,1.0,31.0,1
2015.0,6.4102564,0.0,0.0,28.0,1
2015.0,43.26923,0.0,0.0,28.0,1
2015.0,12.019231,0.0,1.0,29.0,1
2015.0,9.615385,1.0,0.0,25.0,1
2015.0,13.461538,0.0,0.0,27.0,1
2015.0,10.989011,0.0,1.0,33.0,1
2015.0,47.596153,1.0,1.0,34.0,1
2015.0,3.125,0.0,0.0,32.0,1
2015.0,12.019231,0.0,1.0,34.0,1
2015.0,24.038462,0.0,0.0,26.0,1
2015.0,12.5,1.0,1.0,30.0,1
2015.0,34.935898,0.0,1.0,30.0,1
2015.0,10.989011,0.0,1.0,30.0,1
2015.0,19.23077,1.0,0.0,26.0,1
2015.0,15.865385,1.0,1.0,26.0,1
2015.0,10.256411,0.0,0.0,25.0,1
2015.0,29.647436,1.0,1.0,25.0,1
2015.0,10.000961,1.0,1.0,32.0,1
2015.0,31.25,1.0,1.0,26.0,1
2015.0,19.23077,1.0,1.0,33.0,1
2015.0,27.884615,1.0,0.0,32.0,1
2015.0,13.461538,1.0,0.0,31.0,1
2015.0,16.66752,0.0,0.0,30.0,1
2015.0,9.246703,1.0,0.0,27.0,1
2015.0,16.826923,0.0,0.0,30.0,1
2015.0,17.307692,1.0,1.0,25.0,1
2015.0,14.423077,0.0,1.0,28.0,1
2015.0,19.23077,0.0,0.0,29.0,1
2015.0,16.826923,0.0,1.0,33.0,1
2015.0,14.423077,0.0,1.0,32.0,1
2015.0,9.615385,0.0,0.0,26.0,1
2015.0,11.538462,0.0,0.0,29.0,1
2015.0,11.752137,1.0,0.0,32.0,1
2015.0,19.23077,0.0,1.0,30.0,1
2015.0,17.307692,0.0,0.0,26.0,1
2015.0,13.461538,1.0,0.0,27.0,1
2015.0,12.5,0.0,1.0,30.0,1
2015.0,14.010989,1.0,0.0,34.0,1
2015.0,11.057693,0.0,0.0,29.0,1
2015.0,19.23077,0.0,1.0,31.0,1
2015.0,16.5,1.0,1.0,34.0,1
2015.0,33.653847,1.0,1.0,31.0,1
2015.0,15.59829,0.0,0.0,31.0,1
2015.0,13.461538,1.0,1.0,32.0,1
2015.0,19.23077,0.0,1.0,32.0,1
2015.0,15.384615,1.0,1.0,30.0,1
2015.0,17.307692,0.0,0.0,34.0,1
2015.0,10.576923,0.0,0.0,31.0,1
2015.0,8.826923,0.0,0.0,31.0,1
2015.0,43.706295,1.0,0.0,33.0,1
2015.0,13.076923,0.0,0.0,29.0,1
2015.0,9.615385,0.0,1.0,25.0,1
2015.0,19.412,0.0,0.0,30.0,1
2015.0,12.019231,0.0,1.0,32.0,1
2015.0,17.307692,0.0,0.0,29.0,1
2015.0,7.2115383,0.0,1.0,30.0,1
2015.0,8.241758,0.0,1.0,29.0,1
2015.0,43.26923,1.0,0.0,28.0,1
2015.0,60.0,1.0,0.0,34.0,1
2015.0,30.76923,1.0,1.0,29.0,1
2015.0,12.104073,1.0,0.0,33.0,1
2015.0,13.846154,0.0,0.0,32.0,1
2015.0,9.134615,1.0,1.0,28.0,1
2015.0,21.634615,1.0,0.0,29.0,1
2015.0,38.46154,1.0,1.0,29.0,1
2015.0,84.61539,0.0,0.0,30.0,1
2015.0,12.606837,1.0,0.0,25.0,1
2015.0,10.256411,0.0,0.0,31.0,1
2015.0,20.242914,1.0,1.0,25.0,1
2015.0,17.521368,1.0,0.0,27.0,1
2015.0,15.705129,1.0,0.0,34.0,1
2015.0,25.980392,0.0,0.0,32.0,1
2015.0,29.91453,1.0,0.0,30.0,1
2015.0,17.307692,1.0,1.0,29.0,1
2015.0,24.038462,0.0,1.0,26.0,1
2015.0,25.0,0.0,0.0,29.0,1
2015.0,30.76923,1.0,1.0,34.0,1
2015.0,7.2115383,0.0,0.0,30.0,1
2015.0,12.5,0.0,1.0,26.0,1
2015.0,12.980769,1.0,1.0,27.0,1
2015.0,16.826923,1.0,0.0,32.0,1
2015.0,16.826923,0.0,1.0,31.0,1
2015.0,13.846154,1.0,0.0,33.0,1
2015.0,13.846154,0.0,0.0,27.0,1
2015.0,9.231539,0.0,0.0,29.0,1
2015.0,15.0,0.0,0.0,29.0,1
2015.0,2.8846154,1.0,0.0,27.0,1
2015.0,15.384615,0.0,0.0,26.0,1
2015.0,13.461538,0.0,1.0,28.0,1
2015.0,17.307692,1.0,1.0,27.0,1
2015.0,6.730769,0.0,0.0,30.0,1
2015.0,12.237762,0.0,1.0,27.0,1
2015.0,17.307692,1.0,1.0,29.0,1
2015.0,31.25,1.0,1.0,34.0,1
2015.0,48.076923,1.0,0.0,29.0,1
2015.0,15.0,0.0,0.0,30.0,1
2015.0,20.979021,0.0,0.0,25.0,1
2015.0,8.076923,0.0,0.0,27.0,1
2015.0,10.096154,1.0,1.0,26.0,1
2015.0,33.653847,0.0,0.0,31.0,1
2015.0,48.076923,1.0,0.0,27.0,1
2015.0,16.826923,1.0,1.0,31.0,1
2015.0,26.442308,0.0,0.0,34.0,1
2015.0,18.26923,1.0,1.0,26.0,1
2015.0,26.442308,1.0,0.0,27.0,1
2015.0,12.5,1.0,1.0,25.0,1
2015.0,12.019231,1.0,0.0,27.0,1
2015.0,11.538462,0.0,1.0,32.0,1
2015.0,14.423077,0.0,0.0,29.0,1
2015.0,12.820513,0.0,0.0,31.0,1
2015.0,19.78022,0.0,1.0,30.0,1
2015.0,23.557692,1.0,0.0,31.0,1
2015.0,15.384615,0.0,0.0,31.0,1
2015.0,26.442308,0.0,0.0,30.0,1
2015.0,11.538462,1.0,0.0,27.0,1
2015.0,10.096154,0.0,0.0,26.0,1
2015.0,9.615385,1.0,1.0,25.0,1
2015.0,27.403847,1.0,1.0,32.0,1
2015.0,13.942307,0.0,0.0,30.0,1
2015.0,19.23077,1.0,1.0,31.0,1
2015.0,12.019231,0.0,0.0,27.0,1
2015.0,17.538462,1.0,0.0,25.0,1
2015.0,12.5,1.0,1.0,32.0,1
2015.0,31.25,1.0,0.0,30.0,1
2015.0,16.02564,1.0,1.0,25.0,1
2015.0,21.634615,1.0,0.0,34.0,1
2015.0,17.399267,0.0,0.0,26.0,1
2015.0,21.634615,0.0,0.0,34.0,1
2015.0,17.094017,0.0,0.0,32.0,1
2015.0,18.461538,0.0,0.0,26.0,1
2015.0,14.423077,1.0,0.0,29.0,1
2015.0,18.26923,1.0,1.0,29.0,1
2015.0,12.5,0.0,0.0,30.0,1
2015.0,9.775641,1.0,1.0,25.0,1
2015.0,17.692308,1.0,0.0,31.0,1
2015.0,11.538462,0.0,0.0,29.0,1
2015.0,6.298077,0.0,1.0,34.0,1
2015.0,14.529915,1.0,0.0,33.0,1
2015.0,10.576923,0.0,0.0,33.0,1
2015.0,21.634615,0.0,1.0,29.0,1
2015.0,9.615385,0.0,0.0,34.0,1
2015.0,33.653847,0.0,0.0,31.0,1
2015.0,14.423077,0.0,0.0,28.0,1
2015.0,9.423077,1.0,0.0,31.0,1
2015.0,15.0,1.0,1.0,25.0,1
2015.0,11.384615,0.0,0.0,28.0,1
2015.0,12.836538,1.0,0.0,34.0,1
2015.0,13.846154,0.0,0.0,25.0,1
2015.0,11.458333,0.0,0.0,26.0,1
2015.0,29.532967,0.0,0.0,32.0,1
2015.0,13.247863,0.0,0.0,30.0,1
2015.0,18.26923,0.0,0.0,26.0,1
2015.0,20.14652,0.0,0.0,29.0,1
2015.0,16.826923,1.0,1.0,29.0,1
2015.0,15.264423,1.0,1.0,25.0,1
2015.0,19.951923,1.0,0.0,25.0,1
2015.0,18.80342,0.0,0.0,31.0,1
2015.0,13.942307,1.0,0.0,29.0,1
2015.0,36.057693,1.0,1.0,26.0,1
2015.0,33.5,1.0,0.0,30.0,1
2015.0,19.23077,0.0,0.0,30.0,1
2015.0,25.961538,1.0,0.0,30.0,1
2015.0,44.23077,0.0,0.0,27.0,1
2015.0,7.6923075,0.0,0.0,34.0,1
2015.0,12.980769,0.0,1.0,30.0,1
2015.0,24.038462,0.0,0.0,29.0,1
2015.0,25.0,1.0,0.0,34.0,1
2015.0,12.307693,0.0,0.0,25.0,1
2015.0,22.115385,1.0,0.0,28.0,1
2015.0,20.299145,1.0,1.0,28.0,1
2015.0,15.10989,1.0,0.0,31.0,1
2015.0,7.6923075,1.0,0.0,28.0,1
2015.0,32.692307,1.0,0.0,32.0,1
2015.0,12.019231,0.0,1.0,25.0,1
2015.0,23.076923,1.0,0.0,29.0,1
2015.0,18.26923,0.0,0.0,32.0,1
2015.0,10.149572,0.0,0.0,30.0,1
2015.0,12.019231,0.0,0.0,28.0,1
2015.0,28.846153,1.0,0.0,33.0,1
2015.0,14.705882,1.0,0.0,29.0,1
2015.0,15.468227,1.0,1.0,30.0,1
2015.0,15.532544,1.0,1.0,25.0,1
2015.0,18.509615,0.0,0.0,33.0,1
2015.0,14.903846,1.0,1.0,26.0,1
2015.0,5.4956045,0.0,0.0,30.0,1
2015.0,8.974359,0.0,1.0,29.0,1
2015.0,19.23077,0.0,0.0,31.0,1
2015.0,12.019231,0.0,0.0,30.0,1
2015.0,21.634615,1.0,0.0,29.0,1
2015.0,6.4102564,0.0,1.0,26.0,1
2015.0,60.320515,1.0,0.0,31.0,1
2015.0,17.431973,0.0,0.0,34.0,1
2015.0,28.846153,0.0,0.0,30.0,1
2015.0,19.384615,0.0,0.0,30.0,1
2015.0,34.615383,0.0,0.0,26.0,1
2015.0,14.423077,0.0,1.0,31.0,1
2015.0,9.340659,1.0,1.0,27.0,1
2015.0,12.5,1.0,0.0,34.0,1
2015.0,52.884617,1.0,0.0,34.0,1
2015.0,28.846153,1.0,0.0,34.0,1
2015.0,19.23077,0.0,1.0,25.0,1
2015.0,12.019231,0.0,0.0,30.0,1
2015.0,24.140753,1.0,1.0,33.0,1
2015.0,42.78846,1.0,0.0,32.0,1
2015.0,31.25,1.0,0.0,27.0,1
2015.0,14.423077,0.0,0.0,26.0,1
2015.0,13.942307,1.0,0.0,26.0,1
2015.0,27.24359,1.0,0.0,32.0,1
2015.0,11.538462,0.0,0.0,29.0,1
2015.0,24.51923,0.0,1.0,32.0,1
2015.0,18.315018,0.0,0.0,32.0,1
2015.0,25.641026,1.0,0.0,31.0,1
2015.0,32.05128,1.0,1.0,31.0,1
2015.0,48.076923,1.0,0.0,34.0,1
2015.0,12.021153,1.0,1.0,33.0,1
2015.0,25.000961,1.0,0.0,32.0,1
2015.0,43.26923,1.0,1.0,27.0,1
2015.0,33.414425,1.0,1.0,34.0,1
2015.0,16.826923,1.0,0.0,33.0,1
2015.0,31.25,1.0,1.0,32.0,1
2015.0,15.865385,1.0,1.0,26.0,1
2015.0,24.444445,0.0,0.0,33.0,1
2015.0,12.5,0.0,0.0,25.0,1
2015.0,12.755102,0.0,0.0,30.0,1
2015.0,19.23077,1.0,1.0,26.0,1
2015.0,21.466906,1.0,0.0,25.0,1
2015.0,11.538462,0.0,0.0,28.0,1
2015.0,12.5,0.0,0.0,28.0,1
2015.0,16.239317,0.0,0.0,34.0,1
2015.0,34.188034,1.0,0.0,26.0,1
2015.0,22.115385,1.0,1.0,25.0,1
2015.0,9.615385,0.0,0.0,30.0,1
2015.0,17.857143,1.0,1.0,31.0,1
2015.0,14.010989,1.0,0.0,34.0,1
2015.0,29.166666,0.0,0.0,28.0,1
2015.0,24.038462,1.0,0.0,28.0,1
2015.0,12.993763,0.0,1.0,34.0,1
2015.0,22.704082,1.0,1.0,29.0,1
2015.0,28.846153,1.0,0.0,27.0,1
2015.0,14.423077,0.0,0.0,26.0,1
2015.0,41.88034,1.0,0.0,32.0,1
2015.0,20.384615,0.0,0.0,28.0,1
2015.0,23.076923,1.0,0.0,34.0,1
2015.0,38.46154,0.0,0.0,28.0,1
2015.0,16.826923,1.0,1.0,26.0,1
2015.0,9.375,0.0,0.0,27.0,1
2015.0,19.23077,0.0,0.0,30.0,1
2015.0,33.653847,0.0,0.0,30.0,1
2015.0,13.461538,0.0,1.0,28.0,1
2015.0,14.423077,0.0,1.0,27.0,1
2015.0,11.538462,1.0,1.0,30.0,1
2015.0,11.245445,0.0,0.0,28.0,1
2015.0,29.038462,0.0,0.0,34.0,1
2015.0,11.904762,0.0,1.0,33.0,1
2015.0,17.606838,1.0,0.0,29.0,1
2015.0,14.729951,0.0,0.0,34.0,1
2015.0,11.618589,0.0,1.0,28.0,1
2015.0,12.087913,0.0,1.0,32.0,1
2015.0,24.358974,1.0,0.0,28.0,1
2015.0,10.256411,0.0,0.0,34.0,1
2015.0,31.25,1.0,0.0,31.0,1
2015.0,14.423077,1.0,1.0,31.0,1
2015.0,30.0,0.0,0.0,25.0,1
2015.0,17.307692,1.0,1.0,33.0,1
2015.0,14.903846,0.0,1.0,25.0,1
2015.0,36.057693,0.0,0.0,28.0,1
2015.0,10.0,0.0,0.0,27.0,1
2015.0,10.0,0.0,1.0,27.0,1
2015.0,10.576923,0.0,0.0,34.0,1
2015.0,53.365383,0.0,0.0,31.0,1
2015.0,29.67033,0.0,1.0,26.0,1
2015.0,10.576923,0.0,1.0,34.0,1
2015.0,30.87452,0.0,0.0,29.0,1
2015.0,20.833334,0.0,0.0,32.0,1
2015.0,14.423077,0.0,1.0,34.0,1
2015.0,38.46154,1.0,0.0,34.0,1
2015.0,23.076923,1.0,1.0,27.0,1
2015.0,21.634615,1.0,1.0,29.0,1
2015.0,33.173077,1.0,1.0,30.0,1
2015.0,13.461538,0.0,1.0,32.0,1
2015.0,9.82906,0.0,1.0,27.0,1
2015.0,19.23077,0.0,0.0,32.0,1
2015.0,14.423077,0.0,0.0,29.0,1
2015.0,7.2115383,0.0,0.0,32.0,1
2015.0,19.23077,0.0,0.0,25.0,1
2015.0,25.961538,1.0,0.0,32.0,1
2015.0,13.354701,0.0,0.0,34.0,1
2015.0,11.538462,0.0,1.0,25.0,1
2015.0,23.076923,0.0,0.0,25.0,1
2015.0,6.25,0.0,1.0,27.0,1
2015.0,12.019231,0.0,0.0,30.0,1
2015.0,16.0,0.0,0.0,28.0,1
2015.0,18.509615,0.0,1.0,28.0,1
2015.0,12.019231,0.0,0.0,33.0,1
2015.0,17.307692,1.0,1.0,27.0,1
2015.0,16.826923,0.0,0.0,26.0,1
2015.0,19.23077,0.0,0.0,27.0,1
2015.0,8.603239,0.0,1.0,25.0,1
2015.0,24.51923,0.0,0.0,26.0,1
2015.0,11.538462,0.0,0.0,33.0,1
2015.0,11.834319,1.0,1.0,25.0,1
2015.0,19.23077,0.0,1.0,31.0,1
2015.0,23.5,0.0,0.0,34.0,1
2015.0,21.153847,0.0,0.0,34.0,1
2015.0,38.46154,1.0,0.0,33.0,1
2015.0,17.156862,1.0,1.0,26.0,1
2015.0,18.376068,0.0,0.0,27.0,1
2015.0,28.365385,0.0,0.0,27.0,1
2015.0,38.46154,0.0,0.0,27.0,1
2015.0,16.826923,1.0,1.0,31.0,1
2015.0,23.717949,1.0,0.0,34.0,1
2015.0,23.076923,1.0,0.0,34.0,1
2015.0,36.53846,0.0,0.0,25.0,1
2015.0,16.0,1.0,1.0,26.0,1
2015.0,15.0,1.0,1.0,26.0,1
2015.0,19.711538,1.0,1.0,34.0,1
2015.0,17.5,1.0,1.0,34.0,1
2015.0,14.423077,1.0,1.0,34.0,1
2015.0,20.979021,1.0,0.0,34.0,1
2015.0,11.217949,1.0,0.0,28.0,1
2015.0,16.826923,1.0,0.0,31.0,1
2015.0,25.0,1.0,1.0,32.0,1
2015.0,12.019231,0.0,0.0,31.0,1
2015.0,11.538462,1.0,0.0,29.0,1
2015.0,11.111111,1.0,1.0,27.0,1
2015.0,24.038462,0.0,0.0,31.0,1
2015.0,23.557692,0.0,0.0,32.0,1
2015.0,18.076923,1.0,1.0,28.0,1
2015.0,40.865383,0.0,0.0,25.0,1
2015.0,12.820513,1.0,0.0,31.0,1
2015.0,24.51923,0.0,0.0,32.0,1
2015.0,9.615385,0.0,0.0,31.0,1
2015.0,11.538462,0.0,0.0,29.0,1
2015.0,43.75,1.0,0.0,34.0,1
2015.0,19.951923,1.0,1.0,27.0,1
2015.0,30.384615,1.0,0.0,26.0,1
2015.0,31.25,0.0,0.0,29.0,1
2015.0,14.423077,1.0,1.0,33.0,1
2015.0,20.913462,0.0,0.0,31.0,1
2015.0,19.23077,0.0,1.0,32.0,1
2015.0,27.211538,1.0,1.0,28.0,1
2015.0,44.23077,1.0,0.0,31.0,1
2015.0,44.5,0.0,0.0,32.0,1
2015.0,10.432693,1.0,1.0,27.0,1
2015.0,8.333333,0.0,0.0,29.0,1
2015.0,18.75,0.0,0.0,25.0,1
2015.0,11.979167,0.0,0.0,26.0,1
2015.0,29.411764,1.0,0.0,33.0,1
2015.0,14.903846,1.0,1.0,29.0,1
2015.0,14.957265,1.0,0.0,25.0,1
2015.0,18.26923,1.0,1.0,31.0,1
2015.0,21.634615,1.0,0.0,32.0,1
2015.0,10.576923,0.0,1.0,29.0,1
2015.0,19.412,0.0,0.0,32.0,1
2015.0,16.642012,1.0,1.0,25.0,1
2015.0,14.792899,0.0,0.0,29.0,1
2015.0,38.46154,1.0,0.0,30.0,1
2015.0,23.74963,0.0,0.0,28.0,1
2015.0,19.23077,1.0,1.0,28.0,1
2015.0,17.307692,0.0,1.0,34.0,1
2015.0,66.23932,1.0,1.0,28.0,1
2015.0,20.673077,1.0,1.0,32.0,1
2015.0,21.466906,1.0,0.0,33.0,1
2015.0,28.846153,1.0,0.0,31.0,1
2015.0,9.615385,0.0,0.0,30.0,1
2015.0,9.615385,0.0,0.0,26.0,1
2015.0,15.064102,0.0,1.0,25.0,1
2015.0,16.346153,0.0,0.0,28.0,1
2015.0,14.0,1.0,1.0,33.0,1
2015.0,19.23077,1.0,1.0,32.0,1
2015.0,16.826923,1.0,0.0,25.0,1
2015.0,14.423077,1.0,0.0,28.0,1
2015.0,19.711538,1.0,0.0,29.0,1
2015.0,30.76923,1.0,0.0,27.0,1
2015.0,11.538462,1.0,0.0,33.0,1
2015.0,23.076923,0.0,0.0,32.0,1
2015.0,9.615385,0.0,0.0,27.0,1
2015.0,14.423077,0.0,0.0,26.0,1
2015.0,18.461538,0.0,0.0,34.0,1
2015.0,25.76923,1.0,0.0,32.0,1
2015.0,12.980769,0.0,1.0,33.0,1
2015.0,13.942307,0.0,0.0,32.0,1
2015.0,13.942307,0.0,0.0,32.0,1
2015.0,13.942307,0.0,0.0,31.0,1
2015.0,20.08547,0.0,0.0,25.0,1
2015.0,13.243243,0.0,0.0,26.0,1
2015.0,16.826923,0.0,0.0,33.0,1
2015.0,26.223776,0.0,0.0,33.0,1
2015.0,30.76923,1.0,1.0,26.0,1
2015.0,16.826923,0.0,0.0,31.0,1
2015.0,19.362745,0.0,0.0,25.0,1
2015.0,5.1923075,0.0,0.0,28.0,1
2015.0,24.038462,1.0,1.0,30.0,1
2015.0,55.28846,1.0,0.0,27.0,1
2015.0,52.884617,1.0,0.0,32.0,1
2015.0,14.743589,1.0,1.0,32.0,1
2015.0,19.688644,1.0,0.0,34.0,1
2015.0,14.423077,0.0,0.0,25.0,1
2015.0,25.520834,1.0,0.0,33.0,1
2015.0,24.038462,1.0,1.0,28.0,1
2015.0,19.23077,1.0,1.0,34.0,1
2015.0,18.75,1.0,1.0,31.0,1
2015.0,25.368248,1.0,1.0,33.0,1
2015.0,22.527473,0.0,0.0,25.0,1
2015.0,25.240385,1.0,0.0,26.0,1
2015.0,24.51923,1.0,0.0,27.0,1
2015.0,18.772894,1.0,0.0,27.0,1
2015.0,20.673077,1.0,1.0,27.0,1
2015.0,12.590909,1.0,1.0,27.0,1
2015.0,24.51923,1.0,0.0,25.0,1
2015.0,33.653847,1.0,1.0,27.0,1
2015.0,31.25,1.0,0.0,26.0,1
2015.0,14.423077,1.0,1.0,27.0,1
2015.0,34.615383,1.0,0.0,32.0,1
2015.0,36.057693,1.0,0.0,28.0,1
2015.0,19.764957,1.0,1.0,27.0,1
2015.0,46.153847,1.0,0.0,33.0,1
2015.0,15.384615,0.0,0.0,29.0,1
2015.0,28.846153,1.0,1.0,25.0,1
2015.0,19.23077,0.0,1.0,29.0,1
2015.0,46.153847,1.0,0.0,33.0,1
2015.0,24.038462,1.0,1.0,31.0,1
2015.0,34.72222,1.0,1.0,32.0,1
2015.0,9.615385,0.0,0.0,30.0,1
2015.0,13.461538,0.0,1.0,32.0,1
2015.0,12.5,0.0,0.0,34.0,1
2015.0,96.15385,1.0,0.0,33.0,1
2015.0,9.615385,1.0,1.0,33.0,1
2015.0,31.25,1.0,0.0,29.0,1
2015.0,12.070513,1.0,0.0,26.0,1
2015.0,25.961538,1.0,0.0,25.0,1
2015.0,40.865383,1.0,0.0,32.0,1
2015.0,12.5,1.0,1.0,33.0,1
2015.0,19.23077,1.0,0.0,29.0,1
2015.0,25.0,1.0,0.0,32.0,1
2015.0,19.23077,1.0,0.0,25.0,1
2015.0,31.25,1.0,0.0,29.0,1
2015.0,40.59829,0.0,0.0,34.0,1
2015.0,25.6,1.0,0.0,34.0,1
2015.0,57.692307,1.0,1.0,31.0,1
2015.0,43.26923,1.0,1.0,29.0,1
2015.0,48.076923,1.0,0.0,29.0,1
2015.0,22.596153,0.0,0.0,27.0,1
2015.0,15.0,1.0,1.0,26.0,1
2015.0,13.461538,0.0,0.0,29.0,1
2015.0,27.777779,1.0,1.0,28.0,1
2015.0,20.85,1.0,1.0,32.0,1
2015.0,27.692308,1.0,0.0,31.0,1
2015.0,33.653847,1.0,1.0,29.0,1
2015.0,15.532544,1.0,1.0,29.0,1
2015.0,26.923077,0.0,0.0,29.0,1
2015.0,8.01282,0.0,0.0,31.0,1
2015.0,12.980769,0.0,0.0,26.0,1
2015.0,16.02564,0.0,0.0,31.0,1
2015.0,28.846153,1.0,1.0,30.0,1
2015.0,51.28205,1.0,0.0,31.0,1
2015.0,42.307693,1.0,0.0,30.0,1
2015.0,10.576923,0.0,0.0,34.0,1
2015.0,11.538462,0.0,1.0,30.0,1
2015.0,2.8846154,0.0,1.0,30.0,1
2015.0,19.23077,0.0,0.0,25.0,1
2015.0,26.442308,1.0,0.0,29.0,1
2015.0,10.576923,0.0,0.0,28.0,1
2015.0,30.76923,1.0,0.0,30.0,1
2015.0,12.823558,1.0,0.0,29.0,1
2015.0,24.038462,0.0,0.0,29.0,1
2015.0,14.423077,1.0,1.0,33.0,1
2015.0,33.653847,0.0,0.0,25.0,1
2015.0,28.846153,1.0,0.0,27.0,1
2015.0,8.653846,0.0,1.0,25.0,1
2015.0,45.673077,1.0,0.0,34.0,1
2015.0,36.057693,1.0,1.0,31.0,1
2015.0,17.5,0.0,0.0,26.0,1
2015.0,23.557692,0.0,0.0,28.0,1
2015.0,17.790598,0.0,0.0,25.0,1
2015.0,27.777779,1.0,1.0,29.0,1
2015.0,34.616154,1.0,0.0,28.0,1
2015.0,18.131868,1.0,1.0,28.0,1
2015.0,16.153847,1.0,1.0,32.0,1
2015.0,10.096154,0.0,1.0,26.0,1
2015.0,15.384615,0.0,0.0,25.0,1
2015.0,8.01282,0.0,0.0,30.0,1
2015.0,34.616154,1.0,0.0,27.0,1
2015.0,9.615385,0.0,1.0,31.0,1
2015.0,20.5,0.0,0.0,29.0,1
2015.0,9.615385,0.0,1.0,33.0,1
2015.0,19.23077,0.0,0.0,33.0,1
2015.0,5.769231,0.0,1.0,26.0,1
2015.0,17.094017,1.0,1.0,31.0,1
2015.0,25.0,0.0,0.0,30.0,1
2015.0,10.576923,0.0,1.0,28.0,1
2015.0,8.653846,0.0,1.0,25.0,1
2015.0,24.038462,0.0,0.0,31.0,1
2015.0,13.986014,0.0,0.0,25.0,1
2015.0,21.634615,1.0,1.0,32.0,1
2015.0,12.237762,1.0,0.0,29.0,1
2015.0,6.730769,1.0,0.0,26.0,1
2015.0,18.53147,0.0,0.0,28.0,1
2015.0,9.615385,0.0,1.0,28.0,1
2015.0,5.3418803,0.0,1.0,30.0,1
2015.0,10.0,1.0,0.0,32.0,1
2015.0,10.0,0.0,0.0,26.0,1
2015.0,24.0,1.0,0.0,30.0,1
2015.0,19.23077,1.0,0.0,32.0,1
2015.0,11.538462,0.0,0.0,30.0,1
2015.0,14.423077,0.0,0.0,29.0,1
2015.0,10.096154,0.0,0.0,33.0,1
2015.0,20.673077,0.0,0.0,34.0,1
2015.0,15.384615,1.0,1.0,34.0,1
2015.0,5.2967033,0.0,0.0,25.0,1
2015.0,21.634615,1.0,0.0,33.0,1
2015.0,26.442308,1.0,1.0,33.0,1
2015.0,21.634615,1.0,1.0,27.0,1
2015.0,16.826923,0.0,0.0,34.0,1
2015.0,17.307692,0.0,1.0,34.0,1
2015.0,18.26923,1.0,1.0,27.0,1
2015.0,14.423077,0.0,0.0,32.0,1
2015.0,12.740385,0.0,0.0,26.0,1
2015.0,20.673077,1.0,1.0,30.0,1
2015.0,38.46154,1.0,0.0,32.0,1
2015.0,72.11539,1.0,1.0,29.0,1
2015.0,13.461538,0.0,0.0,30.0,1
2015.0,15.384615,0.0,1.0,28.0,1
2015.0,61.53846,1.0,1.0,34.0,1
2015.0,9.751748,0.0,0.0,33.0,1
2015.0,30.288462,0.0,0.0,32.0,1
2015.0,18.26923,0.0,1.0,33.0,1
2015.0,24.038462,0.0,1.0,32.0,1
2015.0,15.384615,0.0,0.0,31.0,1
2015.0,24.038462,0.0,0.0,31.0,1
2015.0,31.25,1.0,0.0,31.0,1
2015.0,24.038462,1.0,1.0,27.0,1
2015.0,17.35577,1.0,1.0,29.0,1
2015.0,12.0,0.0,0.0,25.0,1
2015.0,16.826923,0.0,1.0,26.0,1
2015.0,9.615385,0.0,1.0,29.0,1
2015.0,9.615385,0.0,1.0,29.0,1
2015.0,49.03846,1.0,0.0,34.0,1
2015.0,3.3022532,0.0,0.0,25.0,1
2015.0,41.346153,1.0,0.0,34.0,1
2015.0,8.654808,0.0,0.0,26.0,1
2015.0,15.384615,0.0,0.0,26.0,1
2015.0,15.384615,0.0,0.0,26.0,1
2015.0,24.038462,1.0,1.0,31.0,1
2015.0,28.846153,1.0,0.0,34.0,1
2015.0,14.423077,0.0,1.0,32.0,1
2015.0,14.423077,0.0,1.0,28.0,1
2015.0,30.76923,1.0,1.0,25.0,1
2015.0,45.673077,0.0,0.0,29.0,1
2015.0,14.423077,1.0,0.0,34.0,1
2015.0,21.634615,0.0,1.0,34.0,1
2015.0,7.6923075,0.0,0.0,30.0,1
2015.0,16.642752,1.0,1.0,33.0,1
2015.0,38.46154,1.0,0.0,32.0,1
2015.0,2.3884616,1.0,1.0,33.0,1
2015.0,10.0,0.0,0.0,26.0,1
2015.0,7.6923075,0.0,1.0,26.0,1
2015.0,14.423077,1.0,1.0,28.0,1
2015.0,11.979167,1.0,1.0,27.0,1
2015.0,40.384617,1.0,0.0,32.0,1
2015.0,21.634615,1.0,1.0,33.0,1
2015.0,13.461538,0.0,0.0,25.0,1
2015.0,9.134615,0.0,0.0,25.0,1
2015.0,20.0,1.0,0.0,34.0,1
2015.0,12.019231,0.0,1.0,32.0,1
2015.0,30.288462,1.0,1.0,32.0,1
2015.0,10.909091,0.0,0.0,32.0,1
2015.0,7.6923075,1.0,0.0,32.0,1
2015.0,7.2115383,1.0,1.0,29.0,1
2015.0,14.0,0.0,0.0,32.0,1
2015.0,6.25,0.0,1.0,25.0,1
2015.0,25.240866,1.0,1.0,31.0,1
2015.0,5.1282053,0.0,0.0,29.0,1
2015.0,10.683761,0.0,0.0,25.0,1
2015.0,13.541667,1.0,1.0,30.0,1
2015.0,15.384615,1.0,1.0,26.0,1
2015.0,15.865385,0.0,0.0,28.0,1
2015.0,16.346153,1.0,1.0,30.0,1
2015.0,17.307692,1.0,1.0,32.0,1
2015.0,21.923077,1.0,1.0,31.0,1
2015.0,59.134617,1.0,1.0,29.0,1
2015.0,8.990385,0.0,0.0,25.0,1
2015.0,27.777779,1.0,1.0,33.0,1
2015.0,40.064102,1.0,0.0,33.0,1
2015.0,31.25,1.0,0.0,32.0,1
2015.0,17.307692,1.0,1.0,30.0,1
2015.0,15.865385,1.0,0.0,26.0,1
2015.0,14.86014,0.0,0.0,25.0,1
2015.0,31.46853,1.0,1.0,32.0,1
2015.0,14.632107,1.0,1.0,29.0,1
2015.0,11.538462,0.0,1.0,32.0,1
2015.0,12.820513,1.0,0.0,30.0,1
2015.0,25.240385,1.0,0.0,27.0,1
2015.0,21.634615,1.0,0.0,26.0,1
2015.0,38.46154,1.0,1.0,34.0,1
2015.0,10.989011,0.0,1.0,34.0,1
2015.0,10.7125,0.0,0.0,27.0,1
2015.0,36.53846,1.0,0.0,33.0,1
2015.0,35.0,1.0,0.0,28.0,1
2015.0,20.192308,1.0,1.0,26.0,1
2015.0,16.683992,1.0,1.0,28.0,1
2015.0,18.26923,0.0,0.0,31.0,1
2015.0,11.538462,0.0,1.0,28.0,1
2015.0,18.225,1.0,1.0,25.0,1
2015.0,48.71795,1.0,0.0,30.0,1
2015.0,28.846153,1.0,0.0,26.0,1
2015.0,12.062937,1.0,0.0,27.0,1
2015.0,10.104167,1.0,0.0,30.0,1
2015.0,24.038462,1.0,1.0,31.0,1
2015.0,27.777779,1.0,1.0,28.0,1
2015.0,12.980769,0.0,0.0,26.0,1
2015.0,62.5,1.0,1.0,33.0,1
2015.0,10.164835,1.0,0.0,31.0,1
2015.0,11.057693,1.0,1.0,27.0,1
2015.0,24.038462,1.0,0.0,29.0,1
2015.0,19.23077,1.0,0.0,27.0,1
2015.0,26.709402,1.0,1.0,28.0,1
2015.0,14.285714,1.0,0.0,29.0,1
2015.0,18.26923,0.0,1.0,34.0,1
2015.0,57.692307,1.0,0.0,33.0,1
2015.0,9.615385,0.0,0.0,28.0,1
2015.0,15.384615,1.0,1.0,33.0,1
2015.0,14.903846,0.0,1.0,32.0,1
2015.0,8.653846,1.0,0.0,29.0,1
2015.0,15.384615,0.0,1.0,28.0,1
2015.0,25.096153,0.0,0.0,27.0,1
2015.0,14.423077,0.0,1.0,32.0,1
2015.0,12.5,0.0,0.0,32.0,1
2015.0,31.25,1.0,0.0,34.0,1
2015.0,12.087913,1.0,0.0,31.0,1
2015.0,57.692307,1.0,0.0,27.0,1
2015.0,14.182693,1.0,1.0,32.0,1
2015.0,8.62532,0.0,1.0,31.0,1
2015.0,24.038462,0.0,0.0,29.0,1
2015.0,26.923077,1.0,1.0,25.0,1
2015.0,16.531065,0.0,0.0,30.0,1
2015.0,13.795986,0.0,0.0,32.0,1
2015.0,16.826923,1.0,1.0,26.0,1
2015.0,12.019231,0.0,0.0,33.0,1
2015.0,14.685315,1.0,1.0,33.0,1
2015.0,21.978022,1.0,0.0,34.0,1
2015.0,35.096153,1.0,1.0,28.0,1
2015.0,16.826923,1.0,0.0,30.0,1
2015.0,48.076923,0.0,0.0,34.0,1
2015.0,29.91453,1.0,0.0,26.0,1
2015.0,19.23077,1.0,0.0,28.0,1
2015.0,25.48077,1.0,0.0,34.0,1
2015.0,11.094674,0.0,1.0,33.0,1
2015.0,17.828846,1.0,0.0,29.0,1
2015.0,12.259615,0.0,1.0,28.0,1
2015.0,8.75,0.0,1.0,30.0,1
2015.0,9.230769,1.0,1.0,31.0,1
2015.0,14.423077,1.0,1.0,27.0,1
2015.0,12.019231,0.0,0.0,27.0,1
2015.0,20.192308,0.0,0.0,28.0,1
2015.0,15.865385,0.0,0.0,27.0,1
2015.0,12.019231,0.0,0.0,27.0,1
2015.0,9.615385,0.0,1.0,29.0,1
2015.0,20.833334,0.0,0.0,29.0,1
2015.0,10.714286,0.0,0.0,34.0,1
2015.0,13.675214,0.0,0.0,32.0,1
2015.0,48.076923,0.0,0.0,30.0,1
2015.0,7.2115383,0.0,0.0,30.0,1
2015.0,28.846153,0.0,0.0,29.0,1
2015.0,20.979021,1.0,1.0,28.0,1
2015.0,40.384617,1.0,0.0,32.0,1
2015.0,19.23077,1.0,0.0,34.0,1
2015.0,17.572115,1.0,0.0,26.0,1
2015.0,16.826923,1.0,0.0,26.0,1
2015.0,43.26923,1.0,0.0,25.0,1
2015.0,46.153847,1.0,0.0,31.0,1
2015.0,19.23077,0.0,0.0,34.0,1
2015.0,11.057693,1.0,1.0,30.0,1
2015.0,17.307692,0.0,1.0,25.0,1
2015.0,18.26923,0.0,0.0,26.0,1
2015.0,9.340659,0.0,1.0,32.0,1
2015.0,8.403361,0.0,0.0,25.0,1
2015.0,8.247252,0.0,0.0,29.0,1
2015.0,14.423077,1.0,1.0,34.0,1
2015.0,14.423077,1.0,1.0,34.0,1
2015.0,19.23077,1.0,1.0,29.0,1
2015.0,13.942307,0.0,1.0,29.0,1
2015.0,48.076923,1.0,1.0,34.0,1
2015.0,19.711538,1.0,1.0,34.0,1
2015.0,15.384615,1.0,0.0,32.0,1
2015.0,12.980769,1.0,1.0,33.0,1
2015.0,15.384615,0.0,0.0,26.0,1
2015.0,38.46154,1.0,0.0,32.0,1
2015.0,13.221154,1.0,1.0,32.0,1
2015.0,12.019231,0.0,0.0,33.0,1
2015.0,16.885553,0.0,0.0,25.0,1
2015.0,16.346153,0.0,1.0,25.0,1
2015.0,26.442308,0.0,1.0,33.0,1
2015.0,18.461538,0.0,0.0,26.0,1
2015.0,28.846153,0.0,0.0,30.0,1
2015.0,14.423077,0.0,1.0,30.0,1
2015.0,14.201183,1.0,1.0,25.0,1
2015.0,24.038462,1.0,0.0,26.0,1
2015.0,16.346153,0.0,1.0,26.0,1
2015.0,16.239317,1.0,1.0,33.0,1
2015.0,12.2863245,0.0,0.0,25.0,1
2015.0,10.576923,0.0,1.0,27.0,1
2015.0,21.634615,1.0,0.0,33.0,1
2015.0,11.538462,0.0,0.0,34.0,1
2015.0,22.115385,0.0,0.0,31.0,1
2015.0,10.0,0.0,0.0,27.0,1
2015.0,9.615385,0.0,0.0,29.0,1
2015.0,17.094017,0.0,0.0,34.0,1
2015.0,16.826923,1.0,1.0,25.0,1
2015.0,44.23077,1.0,0.0,33.0,1
2015.0,23.333334,1.0,0.0,29.0,1
2015.0,8.241758,1.0,0.0,33.0,1
2015.0,14.375,1.0,1.0,27.0,1
2015.0,19.23077,1.0,0.0,29.0,1
2015.0,8.67347,0.0,1.0,33.0,1
2015.0,13.278388,1.0,1.0,26.0,1
2015.0,9.615385,0.0,1.0,28.0,1
2015.0,12.5,0.0,0.0,28.0,1
2015.0,20.192308,0.0,1.0,31.0,1
2015.0,5.9171596,1.0,0.0,27.0,1
2015.0,17.403847,1.0,0.0,34.0,1
2015.0,12.019231,1.0,1.0,33.0,1
2015.0,14.423077,0.0,0.0,30.0,1
2015.0,21.634615,1.0,0.0,31.0,1
2015.0,16.826923,1.0,1.0,25.0,1
2015.0,19.047619,0.0,0.0,31.0,1
2015.0,28.076923,0.0,0.0,26.0,1
2015.0,19.23077,1.0,0.0,29.0,1
2015.0,12.5,0.0,0.0,34.0,1
2015.0,31.25,0.0,0.0,33.0,1
2015.0,8.557693,0.0,0.0,30.0,1
2015.0,13.461538,0.0,0.0,31.0,1
2015.0,11.057693,0.0,1.0,26.0,1
2015.0,17.307692,1.0,1.0,26.0,1
2015.0,35.096153,1.0,0.0,28.0,1
2015.0,24.038462,1.0,0.0,27.0,1
2015.0,11.5,1.0,1.0,31.0,1
2015.0,22.115385,0.0,0.0,28.0,1
2015.0,11.5,0.0,1.0,28.0,1
2015.0,17.0,0.0,0.0,29.0,1
2015.0,22.35577,1.0,0.0,26.0,1
2015.0,26.442308,0.0,0.0,30.0,1
2015.0,17.307692,0.0,1.0,29.0,1
2015.0,27.403847,0.0,0.0,27.0,1
2015.0,7.2115383,0.0,1.0,25.0,1
2015.0,17.482517,0.0,0.0,29.0,1
2015.0,24.51923,1.0,0.0,32.0,1
2015.0,28.846153,1.0,0.0,34.0,1
2015.0,5.2884617,0.0,0.0,26.0,1
2015.0,25.0,0.0,0.0,33.0,1
2015.0,21.875,1.0,0.0,32.0,1
2015.0,32.21154,0.0,0.0,26.0,1
2015.0,11.979167,1.0,1.0,26.0,1
2015.0,38.46154,1.0,0.0,29.0,1
2015.0,10.0,0.0,1.0,33.0,1
2015.0,12.5,1.0,1.0,27.0,1
2015.0,12.5,1.0,1.0,30.0,1
2015.0,57.692307,1.0,0.0,32.0,1
2015.0,39.903847,1.0,0.0,31.0,1
2015.0,22.035257,0.0,0.0,32.0,1
2015.0,40.021366,1.0,0.0,32.0,1
2015.0,12.019231,0.0,0.0,31.0,1
2015.0,5.909091,0.0,0.0,28.0,1
2015.0,12.980769,0.0,1.0,27.0,1
2015.0,7.026627,0.0,1.0,31.0,1
2015.0,26.556776,0.0,1.0,34.0,1
2015.0,9.134615,0.0,1.0,32.0,1
2015.0,27.692308,1.0,0.0,30.0,1
2015.0,33.653847,1.0,1.0,30.0,1
2015.0,16.02564,1.0,1.0,26.0,1
2015.0,3.5185184,1.0,0.0,28.0,1
2015.0,36.630035,0.0,0.0,34.0,1
2015.0,4.4278846,0.0,0.0,30.0,1
2015.0,14.529915,1.0,1.0,30.0,1
2015.0,13.736263,1.0,0.0,30.0,1
2015.0,32.692307,1.0,0.0,29.0,1
2015.0,23.12094,0.0,0.0,32.0,1
2015.0,14.423077,0.0,0.0,30.0,1
2015.0,17.307692,1.0,1.0,26.0,1
2015.0,15.934066,0.0,1.0,28.0,1
2015.0,14.423077,0.0,0.0,25.0,1
2015.0,17.094017,0.0,0.0,30.0,1
2015.0,23.846153,1.0,0.0,34.0,1
2015.0,31.517094,1.0,1.0,34.0,1
2015.0,9.615385,0.0,0.0,28.0,1
2015.0,14.0,1.0,1.0,25.0,1
2015.0,19.23077,1.0,1.0,25.0,1
2015.0,4.8076925,0.0,1.0,26.0,1
2015.0,16.346153,0.0,1.0,28.0,1
2015.0,28.846153,0.0,0.0,31.0,1
2015.0,19.23077,0.0,0.0,33.0,1
2015.0,31.25,1.0,1.0,26.0,1
2015.0,19.23077,0.0,0.0,33.0,1
2015.0,24.038462,0.0,0.0,32.0,1
2015.0,12.019231,0.0,0.0,30.0,1
2015.0,31.25,1.0,0.0,27.0,1
2015.0,13.076923,0.0,0.0,26.0,1
2015.0,20.0,0.0,1.0,29.0,1
2015.0,14.423077,1.0,0.0,32.0,1
2015.0,22.408964,1.0,0.0,32.0,1
2015.0,14.102564,1.0,0.0,27.0,1
2015.0,35.865383,1.0,0.0,34.0,1
2015.0,21.901709,1.0,1.0,34.0,1
2015.0,22.35577,1.0,0.0,33.0,1
2015.0,18.75,1.0,0.0,30.0,1
2015.0,19.23077,0.0,0.0,27.0,1
2015.0,14.423077,0.0,0.0,27.0,1
2015.0,21.153847,1.0,0.0,33.0,1
2015.0,18.26923,0.0,1.0,28.0,1
2015.0,12.019231,0.0,0.0,29.0,1
2015.0,7.6923075,1.0,0.0,31.0,1
2015.0,13.942307,0.0,0.0,30.0,1
2015.0,11.153846,1.0,1.0,32.0,1
2015.0,31.46853,1.0,0.0,33.0,1
2015.0,35.25641,0.0,0.0,30.0,1
2015.0,14.423077,0.0,0.0,25.0,1
2015.0,12.980769,1.0,1.0,26.0,1
2015.0,35.416668,1.0,0.0,31.0,1
2015.0,14.903846,0.0,1.0,29.0,1
2015.0,29.572649,1.0,1.0,33.0,1
2015.0,4.8076925,0.0,0.0,25.0,1
2015.0,12.5,0.0,0.0,29.0,1
2015.0,16.826923,0.0,1.0,34.0,1
2015.0,12.5,0.0,0.0,27.0,1
2015.0,21.634615,1.0,0.0,26.0,1
2015.0,34.615383,1.0,0.0,28.0,1
2015.0,31.25,1.0,1.0,27.0,1
2015.0,21.634615,0.0,1.0,33.0,1
2015.0,14.423077,0.0,0.0,34.0,1
2015.0,33.653847,0.0,0.0,30.0,1
2015.0,12.820513,1.0,0.0,33.0,1
2015.0,10.096154,0.0,1.0,33.0,1
2015.0,37.5,1.0,0.0,31.0,1
2015.0,34.615383,1.0,0.0,31.0,1
2015.0,14.335665,1.0,0.0,25.0,1
2015.0,18.315018,0.0,1.0,28.0,1
2015.0,28.846153,1.0,1.0,26.0,1
2015.0,15.384615,0.0,1.0,31.0,1
2015.0,9.0,0.0,0.0,32.0,1
2015.0,45.0,1.0,0.0,29.0,1
2015.0,8.653846,0.0,1.0,31.0,1
2015.0,7.2649574,1.0,1.0,27.0,1
2015.0,13.461538,0.0,0.0,33.0,1
2015.0,9.134615,0.0,1.0,32.0,1
2015.0,17.307692,0.0,0.0,31.0,1
2015.0,10.204082,0.0,0.0,34.0,1
2015.0,43.26923,1.0,1.0,31.0,1
2015.0,18.26923,0.0,1.0,32.0,1
2015.0,32.692307,1.0,0.0,31.0,1
2015.0,9.615385,0.0,0.0,28.0,1
2015.0,24.039423,1.0,0.0,30.0,1
2015.0,22.5,1.0,0.0,33.0,1
2015.0,15.384615,0.0,1.0,32.0,1
2015.0,14.423077,0.0,1.0,28.0,1
2015.0,8.653846,0.0,0.0,30.0,1
2015.0,13.461538,0.0,1.0,25.0,1
2015.0,32.05128,1.0,0.0,31.0,1
2015.0,23.668638,1.0,1.0,32.0,1
2015.0,11.538462,0.0,1.0,27.0,1
2015.0,7.6923075,0.0,1.0,31.0,1
2015.0,62.5,1.0,1.0,33.0,1
2015.0,29.341454,1.0,0.0,29.0,1
2015.0,5.2083335,0.0,1.0,25.0,1
2015.0,21.634615,1.0,0.0,30.0,1
2015.0,18.75,1.0,0.0,32.0,1
2015.0,28.846153,1.0,1.0,33.0,1
2015.0,13.461538,1.0,0.0,30.0,1
2015.0,13.736263,0.0,0.0,26.0,1
2015.0,12.020192,1.0,1.0,32.0,1
2015.0,9.615385,0.0,1.0,34.0,1
2015.0,27.884615,1.0,1.0,31.0,1
2015.0,21.634615,1.0,1.0,33.0,1
2015.0,10.490196,0.0,1.0,31.0,1
2015.0,8.653846,0.0,1.0,31.0,1
2015.0,19.23077,1.0,1.0,27.0,1
2015.0,16.826923,0.0,1.0,33.0,1
2015.0,9.615385,0.0,1.0,25.0,1
2015.0,12.019231,0.0,1.0,32.0,1
2015.0,33.653847,1.0,1.0,26.0,1
2015.0,9.615385,0.0,0.0,29.0,1
2015.0,20.192308,0.0,1.0,28.0,1
2015.0,17.788462,0.0,1.0,26.0,1
2015.0,14.423077,0.0,1.0,30.0,1
2015.0,9.615385,0.0,0.0,29.0,1
2015.0,24.038462,0.0,0.0,34.0,1
2015.0,8.413462,0.0,0.0,32.0,1
2015.0,18.26923,0.0,0.0,25.0,1
2015.0,12.5,0.0,0.0,30.0,1
2015.0,17.307692,0.0,1.0,33.0,1
2015.0,19.23077,0.0,0.0,32.0,1
2015.0,26.442308,1.0,0.0,30.0,1
2015.0,20.673077,1.0,1.0,30.0,1
2015.0,8.173077,1.0,0.0,28.0,1
2015.0,20.673077,1.0,1.0,26.0,1
2015.0,14.285714,0.0,0.0,28.0,1
2015.0,23.076923,1.0,0.0,28.0,1
2015.0,15.384615,1.0,1.0,34.0,1
2015.0,12.019231,0.0,1.0,31.0,1
2015.0,34.615383,1.0,1.0,34.0,1
2015.0,14.423077,1.0,1.0,28.0,1
2015.0,8.173077,0.0,1.0,34.0,1
2015.0,25.213675,1.0,1.0,29.0,1
2015.0,39.423077,1.0,1.0,31.0,1
2015.0,11.094674,0.0,1.0,26.0,1
2015.0,14.903846,1.0,1.0,25.0,1
2015.0,45.673077,1.0,1.0,34.0,1
2015.0,24.51923,0.0,0.0,34.0,1
2015.0,27.472527,0.0,0.0,25.0,1
2015.0,8.87574,0.0,1.0,34.0,1
2015.0,14.903846,0.0,0.0,31.0,1
2015.0,48.076923,1.0,0.0,30.0,1
2015.0,16.346153,0.0,1.0,30.0,1
2015.0,7.2115383,0.0,1.0,29.0,1
2015.0,30.923077,1.0,0.0,27.0,1
2015.0,8.894231,0.0,0.0,34.0,1
2015.0,15.384615,0.0,1.0,31.0,1
2015.0,14.423077,1.0,1.0,27.0,1
2015.0,14.285714,0.0,1.0,30.0,1
2015.0,22.596153,1.0,1.0,29.0,1
2015.0,10.79021,0.0,1.0,28.0,1
2015.0,20.0,0.0,0.0,30.0,1
2015.0,21.634615,0.0,0.0,31.0,1
2015.0,11.979167,0.0,0.0,25.0,1
2015.0,14.423077,0.0,1.0,33.0,1
2015.0,17.094017,0.0,1.0,32.0,1
2015.0,23.798077,1.0,0.0,25.0,1
2015.0,6.923077,0.0,1.0,30.0,1
2015.0,16.826923,0.0,1.0,31.0,1
2015.0,13.461538,0.0,0.0,29.0,1
2015.0,10.0,0.0,0.0,29.0,1
2015.0,16.826923,0.0,1.0,34.0,1
2015.0,40.865383,1.0,1.0,33.0,1
2015.0,9.615385,0.0,0.0,34.0,1
2015.0,16.666666,1.0,0.0,29.0,1
2015.0,30.76923,1.0,1.0,27.0,1
2015.0,24.038462,1.0,0.0,25.0,1
2015.0,3.2894738,0.0,0.0,25.0,1
2015.0,42.78846,1.0,0.0,31.0,1
2015.0,12.019231,0.0,0.0,30.0,1
2015.0,10.439561,0.0,1.0,32.0,1
2015.0,22.435898,0.0,0.0,30.0,1
2015.0,11.538462,1.0,0.0,34.0,1
2015.0,21.634615,0.0,1.0,30.0,1
2015.0,29.05983,1.0,1.0,28.0,1
2015.0,16.02564,0.0,0.0,29.0,1
2015.0,42.735043,1.0,1.0,30.0,1
2015.0,28.88889,0.0,0.0,29.0,1
2015.0,4.1666665,0.0,1.0,33.0,1
2015.0,11.538462,0.0,0.0,30.0,1
2015.0,25.0,1.0,1.0,34.0,1
2015.0,40.865383,1.0,0.0,33.0,1
2015.0,20.192308,1.0,0.0,26.0,1
2015.0,20.192308,1.0,1.0,26.0,1
2015.0,17.307692,1.0,1.0,31.0,1
2015.0,35.096153,1.0,0.0,27.0,1
2015.0,43.26923,1.0,1.0,27.0,1
2015.0,23.076923,1.0,1.0,32.0,1
2015.0,53.846153,1.0,0.0,30.0,1
2015.0,25.48077,1.0,1.0,29.0,1
2015.0,46.153847,1.0,1.0,31.0,1
2015.0,34.188034,0.0,0.0,33.0,1
2015.0,36.057693,0.0,1.0,33.0,1
2015.0,52.307693,1.0,0.0,33.0,1
2015.0,14.423077,0.0,1.0,27.0,1
2015.0,21.153847,1.0,0.0,26.0,1
2015.0,50.0,1.0,0.0,33.0,1
2015.0,38.46154,1.0,0.0,34.0,1
2015.0,39.23077,0.0,0.0,28.0,1
2015.0,33.173077,0.0,0.0,31.0,1
2015.0,24.038462,0.0,1.0,29.0,1
2015.0,19.711538,1.0,0.0,30.0,1
2015.0,36.057693,1.0,0.0,31.0,1
2015.0,43.26923,1.0,0.0,28.0,1
2015.0,21.634615,0.0,0.0,26.0,1
2015.0,38.076923,1.0,0.0,34.0,1
2015.0,72.11539,1.0,1.0,32.0,1
2015.0,34.412956,1.0,1.0,33.0,1
2015.0,38.46154,0.0,0.0,29.0,1
2015.0,3.2733223,1.0,0.0,28.0,1
2015.0,24.358974,1.0,1.0,27.0,1
2015.0,45.673077,1.0,0.0,34.0,1
2015.0,32.05128,1.0,1.0,32.0,1
2015.0,11.094674,1.0,1.0,32.0,1
2015.0,20.192308,1.0,1.0,28.0,1
2015.0,23.076923,1.0,1.0,33.0,1
2015.0,13.313609,1.0,0.0,25.0,1
2015.0,34.615383,1.0,0.0,32.0,1
2015.0,19.23077,0.0,1.0,27.0,1
2015.0,23.076923,1.0,0.0,30.0,1
2015.0,23.0,1.0,1.0,26.0,1
2015.0,76.92308,1.0,0.0,34.0,1
2015.0,21.875,1.0,0.0,31.0,1
2015.0,30.7625,1.0,0.0,27.0,1
2015.0,40.865383,1.0,0.0,32.0,1
2015.0,3.4615386,1.0,0.0,32.0,1
2015.0,24.038462,1.0,0.0,26.0,1
2015.0,18.903847,1.0,0.0,26.0,1
2015.0,17.307692,0.0,1.0,34.0,1
2015.0,39.23077,1.0,0.0,33.0,1
2015.0,9.615385,0.0,1.0,31.0,1
2015.0,15.384615,0.0,0.0,33.0,1
2015.0,26.923077,0.0,0.0,33.0,1
2015.0,24.038462,1.0,1.0,33.0,1
2015.0,32.478634,1.0,0.0,34.0,1
2015.0,12.019231,0.0,1.0,27.0,1
2015.0,28.846153,1.0,0.0,31.0,1
2015.0,28.34008,1.0,0.0,26.0,1
2015.0,24.475525,0.0,0.0,30.0,1
2015.0,40.865383,1.0,0.0,31.0,1
2015.0,15.865385,1.0,0.0,27.0,1
2015.0,18.990385,0.0,0.0,32.0,1
2015.0,28.846153,1.0,1.0,32.0,1
2015.0,19.134615,0.0,1.0,34.0,1
2015.0,28.846153,1.0,0.0,30.0,1
2015.0,35.096153,1.0,1.0,26.0,1
2015.0,30.76923,1.0,0.0,33.0,1
2015.0,57.307693,1.0,0.0,34.0,1
2015.0,20.066889,0.0,0.0,29.0,1
2015.0,70.51282,1.0,1.0,34.0,1
2015.0,12.019231,0.0,1.0,27.0,1
2015.0,31.538462,0.0,0.0,34.0,1
2015.0,14.755384,1.0,0.0,27.0,1
2015.0,28.846153,1.0,0.0,27.0,1
2015.0,22.238111,1.0,0.0,28.0,1
2015.0,28.846153,1.0,1.0,27.0,1
2015.0,41.346153,1.0,1.0,32.0,1
2015.0,20.192308,1.0,1.0,30.0,1
2015.0,2.5641026,0.0,0.0,25.0,1
2015.0,10.989011,1.0,1.0,30.0,1
2015.0,16.826923,1.0,1.0,34.0,1
2015.0,10.576923,0.0,0.0,30.0,1
2015.0,9.615385,0.0,1.0,31.0,1
2015.0,34.188034,0.0,0.0,33.0,1
2015.0,10.096154,0.0,0.0,26.0,1
2015.0,4.4278846,0.0,0.0,27.0,1
2015.0,45.192307,1.0,0.0,31.0,1
2015.0,17.307692,0.0,0.0,29.0,1
2015.0,16.826923,0.0,1.0,33.0,1
2015.0,20.192308,1.0,1.0,28.0,1
2015.0,19.23077,0.0,0.0,30.0,1
2015.0,7.2115383,1.0,1.0,26.0,1
2015.0,19.807692,0.0,0.0,32.0,1
2015.0,19.23077,0.0,1.0,32.0,1
2015.0,8.173077,0.0,1.0,28.0,1
2015.0,23.076923,0.0,0.0,28.0,1
2015.0,22.349272,0.0,1.0,25.0,1
2015.0,20.879122,0.0,1.0,32.0,1
2015.0,10.096154,0.0,0.0,26.0,1
2015.0,23.504274,0.0,0.0,33.0,1
2015.0,19.23077,1.0,1.0,29.0,1
2015.0,8.391608,0.0,0.0,34.0,1
2015.0,10.5,0.0,1.0,25.0,1
2015.0,19.23077,0.0,0.0,29.0,1
2015.0,13.942307,1.0,1.0,30.0,1
2015.0,36.324787,1.0,0.0,28.0,1
2015.0,12.980769,1.0,1.0,26.0,1
2015.0,9.134615,0.0,1.0,27.0,1
2015.0,7.3076925,0.0,1.0,29.0,1
2015.0,11.538462,0.0,1.0,28.0,1
2015.0,22.361359,0.0,0.0,34.0,1
2015.0,38.46154,1.0,0.0,33.0,1
2015.0,12.980769,0.0,0.0,25.0,1
2015.0,16.483517,0.0,1.0,25.0,1
2015.0,52.884617,1.0,0.0,33.0,1
2015.0,12.145749,1.0,1.0,29.0,1
2015.0,16.346153,0.0,1.0,32.0,1
2015.0,28.846153,1.0,1.0,25.0,1
2015.0,19.23077,0.0,0.0,30.0,1
2015.0,26.923077,1.0,0.0,31.0,1
2015.0,36.057693,1.0,0.0,30.0,1
2015.0,26.442308,1.0,0.0,30.0,1
2015.0,27.24359,1.0,0.0,33.0,1
2015.0,25.641026,0.0,0.0,27.0,1
2015.0,36.057693,1.0,0.0,33.0,1
2015.0,24.038462,1.0,1.0,27.0,1
2015.0,14.423077,0.0,0.0,31.0,1
2015.0,17.788462,1.0,1.0,30.0,1
2015.0,45.405983,1.0,1.0,31.0,1
2015.0,36.057693,1.0,0.0,32.0,1
2015.0,12.019231,0.0,0.0,31.0,1
2015.0,12.505288,1.0,1.0,32.0,1
2015.0,26.068377,0.0,0.0,25.0,1
2015.0,19.93007,1.0,1.0,30.0,1
2015.0,28.52564,1.0,0.0,30.0,1
2015.0,14.423077,0.0,0.0,28.0,1
2015.0,8.846154,0.0,0.0,26.0,1
2015.0,4.6465034,0.0,0.0,30.0,1
2015.0,19.23077,0.0,0.0,29.0,1
2015.0,42.78846,1.0,0.0,28.0,1
2015.0,16.153847,1.0,1.0,31.0,1
2015.0,24.038462,0.0,0.0,30.0,1
2015.0,62.5,1.0,0.0,34.0,1
2015.0,15.659341,0.0,1.0,31.0,1
2015.0,19.23077,1.0,0.0,33.0,1
2015.0,42.78846,1.0,0.0,31.0,1
2015.0,14.423077,1.0,0.0,30.0,1
2015.0,14.423077,1.0,1.0,28.0,1
2015.0,14.423077,1.0,0.0,31.0,1
2015.0,18.26923,1.0,0.0,32.0,1
2015.0,25.874126,1.0,0.0,31.0,1
2015.0,15.384615,0.0,0.0,25.0,1
2015.0,14.423077,0.0,0.0,25.0,1
2015.0,27.941177,0.0,0.0,28.0,1
2015.0,11.217949,1.0,0.0,28.0,1
2015.0,13.942307,1.0,1.0,31.0,1
2015.0,9.615385,0.0,0.0,30.0,1
2015.0,32.5,1.0,1.0,28.0,1
2015.0,19.23077,1.0,0.0,25.0,1
2015.0,19.23077,1.0,1.0,25.0,1
2015.0,19.23077,1.0,1.0,28.0,1
2015.0,12.820513,0.0,1.0,28.0,1
2015.0,38.46154,1.0,1.0,27.0,1
2015.0,31.25,1.0,0.0,33.0,1
2015.0,72.11539,1.0,0.0,34.0,1
2015.0,10.683761,0.0,0.0,27.0,1
2015.0,26.442308,1.0,0.0,27.0,1
2015.0,36.057693,1.0,1.0,33.0,1
2015.0,27.5,1.0,0.0,33.0,1
2015.0,14.957265,0.0,1.0,34.0,1
2015.0,12.019231,0.0,0.0,30.0,1
2015.0,17.0,0.0,1.0,33.0,1
2015.0,56.53846,1.0,0.0,29.0,1
2015.0,25.0,1.0,1.0,31.0,1
2015.0,9.615385,0.0,0.0,32.0,1
2015.0,24.038462,1.0,0.0,31.0,1
2015.0,32.05128,0.0,1.0,29.0,1
2015.0,14.957265,0.0,0.0,29.0,1
2015.0,11.0,1.0,1.0,34.0,1
2015.0,20.192308,1.0,0.0,27.0,1
2015.0,7.6923075,0.0,0.0,27.0,1
2015.0,13.020833,0.0,0.0,26.0,1
2015.0,34.72222,1.0,1.0,25.0,1
2015.0,48.076923,1.0,0.0,34.0,1
2015.0,8.5470085,0.0,1.0,25.0,1
2015.0,13.605442,0.0,0.0,26.0,1
2015.0,13.461538,0.0,0.0,26.0,1
2015.0,26.442308,0.0,0.0,33.0,1
2015.0,11.057693,0.0,0.0,25.0,1
2015.0,16.483517,0.0,0.0,29.0,1
2015.0,16.02564,0.0,1.0,25.0,1
2015.0,11.25,0.0,0.0,26.0,1
2015.0,16.346153,0.0,0.0,25.0,1
2015.0,36.324787,1.0,0.0,32.0,1
2015.0,17.788462,0.0,0.0,30.0,1
2015.0,24.038462,0.0,0.0,33.0,1
2015.0,5.3418803,0.0,1.0,25.0,1
2015.0,17.307692,0.0,1.0,34.0,1
2015.0,17.307692,0.0,1.0,34.0,1
2015.0,4.0865383,1.0,0.0,34.0,1
2015.0,23.557692,1.0,1.0,30.0,1
2015.0,12.5,0.0,1.0,29.0,1
2015.0,15.0,0.0,0.0,32.0,1
2015.0,14.423077,0.0,0.0,32.0,1
2015.0,24.038462,0.0,0.0,27.0,1
2015.0,19.23077,0.0,0.0,31.0,1
2015.0,12.019231,0.0,0.0,32.0,1
2015.0,12.5,0.0,0.0,29.0,1
2015.0,32.21154,0.0,0.0,31.0,1
2015.0,14.0,0.0,0.0,31.0,1
2015.0,15.865385,0.0,0.0,27.0,1
2015.0,47.00855,1.0,1.0,29.0,1
2015.0,9.615385,0.0,0.0,29.0,1
2015.0,4.8076925,1.0,0.0,26.0,1
2015.0,25.0,1.0,0.0,25.0,1
2015.0,25.961538,0.0,0.0,27.0,1
2015.0,12.820513,0.0,1.0,34.0,1
2015.0,12.5,0.0,0.0,33.0,1
2015.0,9.134615,0.0,0.0,32.0,1
2015.0,23.076923,0.0,0.0,30.0,1
2015.0,18.26923,0.0,1.0,28.0,1
2015.0,6.730769,0.0,0.0,30.0,1
2015.0,19.23077,0.0,0.0,34.0,1
2015.0,51.923077,1.0,0.0,33.0,1
2015.0,10.989011,0.0,0.0,33.0,1
2015.0,13.942307,0.0,1.0,30.0,1
2015.0,14.423077,0.0,0.0,27.0,1
2015.0,8.653846,0.0,0.0,26.0,1
2015.0,10.897436,0.0,0.0,26.0,1
2015.0,10.576923,0.0,0.0,28.0,1
2015.0,17.307692,1.0,1.0,25.0,1
2015.0,9.875259,0.0,1.0,27.0,1
2015.0,40.865383,1.0,0.0,27.0,1
2015.0,7.2115383,1.0,1.0,27.0,1
2015.0,14.423077,0.0,1.0,28.0,1
2015.0,25.0,1.0,1.0,30.0,1
2015.0,13.942307,0.0,0.0,33.0,1
2015.0,10.576923,0.0,1.0,32.0,1
2015.0,41.346153,1.0,1.0,27.0,1
2015.0,19.23077,0.0,0.0,27.0,1
2015.0,5.769231,1.0,1.0,29.0,1
2015.0,15.865385,0.0,1.0,30.0,1
2015.0,24.038462,1.0,1.0,34.0,1
2015.0,28.846153,1.0,0.0,27.0,1
2015.0,14.423077,0.0,0.0,33.0,1
2015.0,14.423077,0.0,0.0,32.0,1
2015.0,52.884617,1.0,0.0,29.0,1
2015.0,27.24359,1.0,0.0,29.0,1
2015.0,8.241758,0.0,0.0,30.0,1
2015.0,12.657452,0.0,0.0,33.0,1
2015.0,11.538462,0.0,1.0,25.0,1
2015.0,31.25,0.0,0.0,31.0,1
2015.0,14.423077,0.0,0.0,26.0,1
2015.0,36.057693,1.0,1.0,26.0,1
2015.0,17.307692,1.0,0.0,26.0,1
2015.0,11.094674,1.0,1.0,33.0,1
2015.0,12.980769,1.0,1.0,27.0,1
2015.0,12.254902,0.0,0.0,25.0,1
2015.0,31.490385,0.0,0.0,25.0,1
2015.0,37.19519,1.0,0.0,31.0,1
2015.0,12.5,1.0,1.0,25.0,1
2015.0,27.55102,1.0,1.0,34.0,1
2015.0,8.653846,0.0,0.0,28.0,1
2015.0,21.153847,1.0,0.0,29.0,1
2015.0,25.0,1.0,1.0,29.0,1
2015.0,20.048077,1.0,1.0,27.0,1
2015.0,16.346153,0.0,1.0,27.0,1
2015.0,14.795918,0.0,0.0,32.0,1
2015.0,36.53846,0.0,1.0,31.0,1
2015.0,36.057693,1.0,0.0,34.0,1
2015.0,33.653847,1.0,1.0,34.0,1
2015.0,67.30769,1.0,0.0,32.0,1
2015.0,40.68419,1.0,1.0,30.0,1
2015.0,9.615385,0.0,0.0,25.0,1
2015.0,20.0,1.0,1.0,28.0,1
2015.0,3.5,0.0,0.0,27.0,1
2015.0,9.038462,1.0,1.0,26.0,1
2015.0,12.019231,0.0,0.0,26.0,1
2015.0,16.826923,0.0,0.0,34.0,1
2015.0,31.153847,1.0,0.0,30.0,1
2015.0,19.711538,1.0,0.0,25.0,1
2015.0,15.865385,1.0,0.0,26.0,1
2015.0,8.173077,0.0,1.0,26.0,1
2015.0,18.26923,0.0,0.0,33.0,1
2015.0,12.019231,0.0,0.0,31.0,1
2015.0,28.846153,1.0,1.0,31.0,1
2015.0,18.783543,1.0,0.0,27.0,1
2015.0,13.736263,0.0,1.0,32.0,1
2015.0,11.057693,1.0,0.0,25.0,1
2015.0,22.115385,1.0,0.0,30.0,1
2015.0,14.423077,1.0,1.0,25.0,1
2015.0,48.076923,1.0,0.0,30.0,1
2015.0,9.615385,1.0,1.0,34.0,1
2015.0,19.23077,1.0,0.0,27.0,1
2015.0,11.483517,0.0,1.0,29.0,1
2015.0,33.653847,0.0,0.0,30.0,1
2015.0,31.25,1.0,0.0,33.0,1
2015.0,69.71154,1.0,0.0,30.0,1
2015.0,4.2735043,1.0,0.0,25.0,1
2015.0,5.3418803,1.0,0.0,27.0,1
2015.0,16.826923,0.0,1.0,29.0,1
2015.0,11.5,0.0,1.0,33.0,1
2015.0,19.23077,0.0,0.0,34.0,1
2015.0,62.5,1.0,0.0,32.0,1
2015.0,27.884615,1.0,1.0,25.0,1
2015.0,20.192308,1.0,0.0,28.0,1
2015.0,9.0,0.0,1.0,33.0,1
2015.0,28.846153,0.0,0.0,31.0,1
2015.0,11.538462,0.0,0.0,32.0,1
2015.0,13.736263,0.0,1.0,28.0,1
2015.0,46.153847,1.0,0.0,27.0,1
2015.0,23.397436,1.0,1.0,25.0,1
2015.0,28.846153,0.0,0.0,32.0,1
2015.0,57.692307,1.0,1.0,31.0,1
2015.0,19.23077,1.0,1.0,25.0,1
2015.0,24.346153,1.0,1.0,26.0,1
2015.0,7.5520835,1.0,0.0,25.0,1
2015.0,10.714286,0.0,0.0,29.0,1
2015.0,7.2115383,0.0,1.0,33.0,1
2015.0,7.2115383,0.0,0.0,30.0,1
2015.0,19.23077,0.0,0.0,28.0,1
2015.0,6.25,0.0,1.0,29.0,1
2015.0,12.5,0.0,0.0,31.0,1
2015.0,48.076923,1.0,1.0,34.0,1
2015.0,22.596153,1.0,0.0,28.0,1
2015.0,12.019231,1.0,1.0,27.0,1
2015.0,21.153847,0.0,0.0,28.0,1
2015.0,4.8076925,0.0,1.0,27.0,1
2015.0,15.384615,1.0,1.0,29.0,1
2015.0,35.042736,1.0,0.0,33.0,1
2015.0,9.615385,0.0,0.0,31.0,1
2015.0,21.634615,0.0,0.0,31.0,1
2015.0,22.537981,1.0,1.0,30.0,1
2015.0,19.23077,0.0,1.0,25.0,1
2015.0,13.541667,1.0,1.0,28.0,1
2015.0,9.615385,1.0,1.0,28.0,1
2015.0,15.384615,1.0,0.0,29.0,1
2015.0,11.965812,1.0,1.0,27.0,1
2015.0,28.846153,1.0,1.0,25.0,1
2015.0,48.076923,1.0,0.0,30.0,1
2015.0,25.0,1.0,1.0,32.0,1
2015.0,21.634615,1.0,0.0,33.0,1
2015.0,13.461538,0.0,0.0,27.0,1
2015.0,14.423077,0.0,0.0,33.0,1
2015.0,19.23077,0.0,1.0,29.0,1
2015.0,13.461538,0.0,1.0,28.0,1
2015.0,12.019231,0.0,1.0,26.0,1
2015.0,14.423077,0.0,0.0,27.0,1
2015.0,57.692307,1.0,0.0,34.0,1
2015.0,11.538462,0.0,1.0,29.0,1
2015.0,10.989011,0.0,0.0,26.0,1
2015.0,14.423077,0.0,0.0,33.0,1
2015.0,28.846153,1.0,0.0,32.0,1
2015.0,31.46853,0.0,0.0,32.0,1
2015.0,16.826923,0.0,0.0,27.0,1
2015.0,14.423077,0.0,1.0,26.0,1
2015.0,19.23077,1.0,0.0,29.0,1
2015.0,12.087913,1.0,1.0,32.0,1
2015.0,24.038462,0.0,0.0,28.0,1
2015.0,7.6923075,0.0,0.0,28.0,1
2015.0,16.826923,1.0,1.0,29.0,1
2015.0,24.038462,0.0,0.0,32.0,1
2015.0,11.538462,0.0,1.0,34.0,1
2015.0,12.5,0.0,0.0,31.0,1
2015.0,9.615385,0.0,1.0,27.0,1
2015.0,24.038462,0.0,0.0,32.0,1
2015.0,14.423077,0.0,1.0,29.0,1
2015.0,8.241758,0.0,1.0,30.0,1
2015.0,9.615385,0.0,0.0,34.0,1
2015.0,12.5,0.0,0.0,28.0,1
2015.0,39.615383,1.0,0.0,31.0,1
2015.0,12.419871,0.0,0.0,28.0,1
2015.0,14.903846,1.0,1.0,32.0,1
2015.0,12.019231,0.0,0.0,27.0,1
2015.0,22.189348,0.0,1.0,26.0,1
2015.0,52.747253,1.0,1.0,26.0,1
2015.0,9.615385,0.0,0.0,29.0,1
2015.0,42.156864,1.0,0.0,32.0,1
2015.0,55.76923,1.0,1.0,33.0,1
2015.0,32.417583,1.0,0.0,34.0,1
2015.0,20.0,1.0,1.0,34.0,1
2015.0,19.23077,1.0,1.0,30.0,1
2015.0,23.076923,0.0,1.0,32.0,1
2015.0,20.192308,1.0,1.0,29.0,1
2015.0,17.307692,1.0,0.0,30.0,1
2015.0,22.596153,1.0,0.0,27.0,1
2015.0,56.73077,1.0,0.0,32.0,1
2015.0,19.23077,1.0,0.0,34.0,1
2015.0,28.846153,1.0,1.0,30.0,1
2015.0,9.882479,0.0,0.0,32.0,1
2015.0,12.019231,1.0,1.0,27.0,1
2015.0,12.019231,1.0,1.0,26.0,1
2015.0,72.11539,1.0,0.0,30.0,1
2015.0,38.46154,0.0,0.0,33.0,1
2015.0,17.788462,0.0,0.0,28.0,1
2015.0,30.448717,1.0,0.0,26.0,1
2015.0,8.653846,1.0,0.0,31.0,1
2015.0,13.461538,0.0,0.0,32.0,1
2015.0,8.173077,1.0,0.0,26.0,1
2015.0,9.89011,0.0,1.0,31.0,1
2015.0,36.057693,1.0,0.0,34.0,1
2015.0,32.21154,1.0,0.0,28.0,1
2015.0,12.692307,0.0,0.0,29.0,1
2015.0,19.23077,0.0,0.0,34.0,1
2015.0,19.23077,0.0,1.0,26.0,1
2015.0,15.384615,0.0,1.0,25.0,1
2015.0,9.134615,0.0,0.0,34.0,1
2015.0,17.307692,0.0,0.0,25.0,1
2015.0,25.961538,1.0,1.0,28.0,1
2015.0,19.23077,1.0,1.0,27.0,1
2015.0,28.846153,1.0,1.0,33.0,1
2015.0,15.0,1.0,1.0,26.0,1
2015.0,14.423077,0.0,1.0,29.0,1
2015.0,12.019231,1.0,0.0,32.0,1
2015.0,15.384615,0.0,0.0,34.0,1
2015.0,34.615383,1.0,1.0,33.0,1
2015.0,18.0,1.0,1.0,29.0,1
2015.0,20.673077,1.0,1.0,31.0,1
2015.0,91.34615,1.0,0.0,28.0,1
2015.0,21.634615,0.0,0.0,28.0,1
2015.0,7.25,0.0,0.0,25.0,1
2015.0,19.23077,1.0,0.0,31.0,1
2015.0,13.75,0.0,0.0,29.0,1
2015.0,25.48077,1.0,0.0,34.0,1
2015.0,48.076923,1.0,0.0,29.0,1
2015.0,21.634615,1.0,0.0,28.0,1
2015.0,7.08502,0.0,1.0,33.0,1
2015.0,15.567765,1.0,0.0,28.0,1
2015.0,27.472527,0.0,0.0,32.0,1
2015.0,28.847115,0.0,0.0,27.0,1
2015.0,16.826923,1.0,0.0,29.0,1
2015.0,4.8076925,0.0,0.0,33.0,1
2015.0,20.192308,1.0,0.0,25.0,1
2015.0,25.641026,1.0,1.0,33.0,1
2015.0,16.826923,0.0,0.0,31.0,1
2015.0,11.538462,0.0,0.0,28.0,1
2015.0,10.769231,0.0,0.0,31.0,1
2015.0,10.096154,0.0,1.0,29.0,1
2015.0,10.096154,0.0,0.0,29.0,1
2015.0,56.53846,1.0,0.0,30.0,1
2015.0,10.576923,0.0,1.0,33.0,1
2015.0,12.019231,0.0,1.0,29.0,1
2015.0,33.653847,1.0,1.0,26.0,1
2015.0,23.076923,1.0,1.0,27.0,1
2015.0,15.384615,1.0,0.0,32.0,1
2015.0,28.846153,1.0,1.0,31.0,1
2015.0,57.692307,1.0,0.0,32.0,1
2015.0,24.038462,1.0,0.0,27.0,1
2015.0,18.75,0.0,1.0,34.0,1
2015.0,19.23077,0.0,0.0,25.0,1
2015.0,9.615385,0.0,1.0,27.0,1
2015.0,21.634615,1.0,0.0,32.0,1
2015.0,24.038462,0.0,0.0,26.0,1
2015.0,14.423077,0.0,1.0,26.0,1
2015.0,13.736263,0.0,1.0,26.0,1
2015.0,9.615385,1.0,0.0,32.0,1
2015.0,3.2733223,1.0,0.0,27.0,1
2015.0,19.23077,1.0,0.0,28.0,1
2015.0,21.153847,1.0,1.0,28.0,1
2015.0,9.375,0.0,0.0,33.0,1
2015.0,26.923077,1.0,0.0,34.0,1
2015.0,19.23077,0.0,0.0,31.0,1
2015.0,11.057693,0.0,0.0,25.0,1
2015.0,16.826923,0.0,1.0,30.0,1
2015.0,8.653846,0.0,0.0,34.0,1
2015.0,7.6923075,0.0,1.0,34.0,1
2015.0,27.777779,1.0,1.0,33.0,1
2015.0,10.096154,1.0,0.0,30.0,1
2015.0,43.26923,1.0,0.0,26.0,1
2015.0,6.730769,0.0,1.0,34.0,1
2015.0,21.634615,1.0,1.0,29.0,1
2015.0,52.350426,1.0,1.0,33.0,1
2015.0,24.038462,0.0,0.0,34.0,1
2015.0,24.038462,1.0,1.0,28.0,1
2015.0,15.384615,1.0,1.0,32.0,1
2015.0,13.0,1.0,0.0,33.0,1
2015.0,15.384615,1.0,1.0,30.0,1
2015.0,31.25,0.0,0.0,33.0,1
2015.0,30.76923,1.0,0.0,32.0,1
2015.0,23.076923,1.0,1.0,33.0,1
2015.0,11.057693,1.0,0.0,26.0,1
2015.0,7.6923075,0.0,0.0,25.0,1
2015.0,21.634615,1.0,1.0,29.0,1
2015.0,24.038462,0.0,0.0,34.0,1
2015.0,13.461538,0.0,0.0,29.0,1
2015.0,8.076923,0.0,0.0,33.0,1
2015.0,9.25,0.0,1.0,28.0,1
2015.0,12.019231,0.0,1.0,29.0,1
2015.0,12.019231,0.0,0.0,25.0,1
2015.0,13.0,0.0,0.0,32.0,1
2015.0,18.75,0.0,0.0,25.0,1
2015.0,10.0,0.0,1.0,26.0,1
2015.0,9.134615,0.0,0.0,28.0,1
2015.0,22.716347,1.0,1.0,32.0,1
2015.0,12.019231,0.0,0.0,29.0,1
2015.0,14.583333,1.0,1.0,25.0,1
2015.0,33.173077,0.0,0.0,31.0,1
2015.0,28.846153,0.0,1.0,31.0,1
2015.0,14.102564,0.0,1.0,34.0,1
2015.0,15.865385,1.0,0.0,26.0,1
2015.0,14.022436,0.0,0.0,33.0,1
2015.0,17.75148,1.0,1.0,25.0,1
2015.0,38.995728,1.0,0.0,27.0,1
2015.0,19.23077,0.0,0.0,26.0,1
2015.0,25.0,1.0,1.0,26.0,1
2015.0,31.25,1.0,1.0,26.0,1
2015.0,26.442308,1.0,0.0,26.0,1
2015.0,25.000961,0.0,0.0,30.0,1
2015.0,14.423077,0.0,1.0,26.0,1
2015.0,4.8076925,0.0,1.0,26.0,1
2015.0,28.846153,0.0,0.0,28.0,1
2015.0,28.846153,1.0,1.0,25.0,1
2015.0,19.23077,0.0,1.0,33.0,1
2015.0,12.259615,1.0,0.0,25.0,1
2015.0,26.442308,0.0,0.0,34.0,1
2015.0,10.989011,0.0,0.0,33.0,1
2015.0,31.25,0.0,0.0,34.0,1
2015.0,22.115385,0.0,1.0,34.0,1
2015.0,21.634615,0.0,0.0,26.0,1
2015.0,21.978022,0.0,0.0,33.0,1
2015.0,19.23077,0.0,0.0,32.0,1
2015.0,12.019231,0.0,0.0,27.0,1
2015.0,19.23077,0.0,0.0,34.0,1
2015.0,12.019231,0.0,1.0,25.0,1
2015.0,19.23077,1.0,0.0,31.0,1
2015.0,19.231731,1.0,0.0,28.0,1
2015.0,21.978022,0.0,0.0,25.0,1
2015.0,16.0,1.0,1.0,27.0,1
2015.0,24.038462,0.0,1.0,33.0,1
2015.0,19.23077,0.0,0.0,29.0,1
2015.0,18.557692,1.0,1.0,28.0,1
2015.0,14.423077,0.0,1.0,33.0,1
2015.0,11.057693,0.0,1.0,34.0,1
2015.0,25.0,0.0,0.0,29.0,1
2015.0,10.256411,1.0,0.0,25.0,1
2015.0,21.367521,1.0,0.0,26.0,1
2015.0,28.846153,1.0,0.0,34.0,1
2015.0,17.75148,0.0,0.0,34.0,1
2015.0,36.057693,1.0,1.0,34.0,1
2015.0,28.67133,0.0,0.0,33.0,1
2015.0,13.461538,0.0,0.0,34.0,1
2015.0,17.307692,0.0,0.0,34.0,1
2015.0,16.0,1.0,0.0,27.0,1
2015.0,19.23077,0.0,0.0,33.0,1
2015.0,15.384615,0.0,0.0,29.0,1
2015.0,14.423077,0.0,1.0,34.0,1
2015.0,14.529915,0.0,0.0,31.0,1
2015.0,17.948717,0.0,0.0,26.0,1
2015.0,20.192308,1.0,1.0,33.0,1
2015.0,15.866346,0.0,1.0,32.0,1
2015.0,23.076923,1.0,0.0,32.0,1
2015.0,22.115385,1.0,1.0,29.0,1
2015.0,19.807692,0.0,0.0,31.0,1
2015.0,40.865383,1.0,0.0,33.0,1
2015.0,9.615385,0.0,0.0,34.0,1
2015.0,17.788462,0.0,1.0,34.0,1
2015.0,39.5,1.0,0.0,26.0,1
2015.0,24.038462,1.0,1.0,29.0,1
2015.0,9.340659,0.0,0.0,33.0,1
2015.0,17.307692,0.0,0.0,32.0,1
2015.0,15.384615,0.0,0.0,28.0,1
2015.0,13.736263,0.0,0.0,34.0,1
2015.0,4.326923,1.0,0.0,25.0,1
2015.0,13.942307,0.0,1.0,25.0,1
2015.0,11.5,0.0,0.0,33.0,1
2015.0,13.461538,0.0,0.0,34.0,1
2015.0,48.076923,0.0,0.0,30.0,1
2015.0,12.980769,0.0,1.0,27.0,1
2015.0,17.788462,0.0,0.0,33.0,1
2015.0,10.096154,0.0,0.0,30.0,1
2015.0,13.0,0.0,0.0,34.0,1
2015.0,16.0,1.0,1.0,26.0,1
2015.0,19.23077,1.0,0.0,32.0,1
2015.0,23.776224,0.0,0.0,27.0,1
2015.0,39.23077,1.0,0.0,32.0,1
2015.0,11.0,0.0,0.0,34.0,1
2015.0,21.634615,1.0,0.0,33.0,1
2015.0,38.46154,0.0,0.0,32.0,1
2015.0,2.8846154,1.0,1.0,25.0,1
2015.0,20.673077,1.0,0.0,34.0,1
2015.0,25.0,0.0,0.0,28.0,1
2015.0,14.423077,0.0,1.0,28.0,1
2015.0,15.532544,1.0,1.0,31.0,1
2015.0,12.858461,1.0,0.0,33.0,1
2015.0,12.5,1.0,0.0,32.0,1
2015.0,9.317788,0.0,0.0,34.0,1
2015.0,3.8461537,0.0,1.0,27.0,1
2015.0,9.615385,0.0,0.0,25.0,1
2015.0,7.6923075,0.0,0.0,25.0,1
2015.0,26.442308,0.0,0.0,32.0,1
2015.0,21.634615,1.0,1.0,30.0,1
2015.0,36.057693,1.0,0.0,31.0,1
2015.0,36.057693,1.0,1.0,32.0,1
2015.0,20.833334,0.0,0.0,30.0,1
2015.0,23.846153,1.0,0.0,30.0,1
2015.0,28.846153,1.0,0.0,31.0,1
2015.0,16.826923,1.0,1.0,26.0,1
2015.0,14.423077,0.0,0.0,31.0,1
2015.0,14.423077,1.0,1.0,34.0,1
2015.0,17.307692,0.0,1.0,30.0,1
2015.0,8.653846,0.0,1.0,25.0,1
2015.0,13.736263,1.0,1.0,30.0,1
2015.0,33.653847,1.0,0.0,27.0,1
2015.0,24.038462,1.0,1.0,25.0,1
2015.0,16.826923,0.0,1.0,29.0,1
2015.0,15.384615,0.0,1.0,32.0,1
2015.0,20.673077,0.0,1.0,34.0,1
2015.0,12.019231,0.0,1.0,28.0,1
2015.0,25.48077,0.0,1.0,32.0,1
2015.0,19.23077,0.0,0.0,32.0,1
2015.0,13.57466,1.0,1.0,26.0,1
2015.0,12.019231,0.0,0.0,32.0,1
2015.0,17.0,1.0,1.0,25.0,1
2015.0,7.142857,1.0,1.0,31.0,1
2015.0,15.384615,1.0,1.0,26.0,1
2015.0,10.016026,0.0,0.0,26.0,1
2015.0,12.087913,0.0,1.0,32.0,1
2015.0,8.5,0.0,1.0,33.0,1
2015.0,11.057693,0.0,1.0,33.0,1
2015.0,19.23077,1.0,1.0,34.0,1
2015.0,14.423077,0.0,1.0,29.0,1
2015.0,17.206478,0.0,0.0,26.0,1
2015.0,13.141026,1.0,0.0,27.0,1
2015.0,24.038462,1.0,1.0,27.0,1
2015.0,24.038462,1.0,0.0,28.0,1
2015.0,58.173077,1.0,0.0,29.0,1
2015.0,19.23077,1.0,0.0,32.0,1
2015.0,58.760685,1.0,0.0,31.0,1
2015.0,24.038462,0.0,0.0,33.0,1
2015.0,57.692307,1.0,0.0,34.0,1
2015.0,36.058174,0.0,0.0,30.0,1
2015.0,28.205128,0.0,0.0,30.0,1
2015.0,21.634615,1.0,1.0,30.0,1
2015.0,19.23077,0.0,1.0,25.0,1
2015.0,10.096154,0.0,1.0,28.0,1
2015.0,9.615385,0.0,1.0,28.0,1
2015.0,9.40171,0.0,0.0,33.0,1
2015.0,24.51923,1.0,0.0,28.0,1
2015.0,28.846153,1.0,1.0,34.0,1
2015.0,57.692307,1.0,0.0,33.0,1
2015.0,12.5,0.0,0.0,31.0,1
2015.0,27.884615,1.0,1.0,31.0,1
2015.0,13.736263,1.0,1.0,26.0,1
2015.0,27.4375,0.0,0.0,33.0,1
2015.0,18.315018,0.0,1.0,32.0,1
2015.0,39.903847,1.0,0.0,29.0,1
2015.0,31.623932,1.0,1.0,28.0,1
2015.0,17.788462,1.0,1.0,31.0,1
2015.0,12.980769,0.0,0.0,31.0,1
2015.0,22.692308,1.0,1.0,28.0,1
2015.0,32.05128,1.0,0.0,26.0,1
2015.0,19.907408,0.0,1.0,26.0,1
2015.0,19.23077,0.0,0.0,31.0,1
2015.0,14.423077,1.0,1.0,33.0,1
2015.0,14.423077,0.0,0.0,33.0,1
2015.0,15.384615,0.0,1.0,31.0,1
2015.0,31.25,0.0,0.0,32.0,1
2015.0,7.6923075,0.0,0.0,29.0,1
2015.0,15.384615,0.0,0.0,32.0,1
2015.0,18.26923,1.0,0.0,32.0,1
2015.0,36.057693,1.0,0.0,29.0,1
2015.0,36.057693,1.0,0.0,29.0,1
2015.0,41.346153,1.0,0.0,27.0,1
2015.0,19.23077,1.0,0.0,28.0,1
2015.0,26.442308,0.0,0.0,33.0,1
2015.0,38.46154,0.0,0.0,32.0,1
2015.0,46.153847,1.0,0.0,33.0,1
2015.0,28.365385,1.0,0.0,32.0,1
2015.0,12.6373625,1.0,0.0,31.0,1
2015.0,28.846153,1.0,0.0,31.0,1
2015.0,40.865383,1.0,0.0,26.0,1
2015.0,24.038462,1.0,1.0,31.0,1
2015.0,46.153847,1.0,0.0,32.0,1
2015.0,12.019231,0.0,0.0,33.0,1
2015.0,32.05128,1.0,1.0,30.0,1
2015.0,11.538462,0.0,1.0,31.0,1
2015.0,20.4,1.0,1.0,30.0,1
2015.0,9.230769,0.0,0.0,29.0,1
2015.0,15.837104,0.0,0.0,25.0,1
2015.0,15.0,1.0,1.0,26.0,1
2015.0,48.076923,1.0,0.0,33.0,1
2015.0,14.423077,0.0,0.0,28.0,1
2015.0,40.865383,1.0,1.0,33.0,1
2015.0,32.692307,1.0,0.0,29.0,1
2015.0,30.76923,1.0,1.0,29.0,1
2015.0,21.153847,1.0,1.0,27.0,1
2015.0,38.46154,1.0,0.0,26.0,1
2015.0,32.05128,1.0,1.0,28.0,1
2015.0,76.92308,1.0,0.0,34.0,1
2015.0,3.3653846,1.0,1.0,25.0,1
2015.0,63.942307,1.0,1.0,29.0,1
2015.0,31.25,0.0,0.0,29.0,1
2015.0,41.346153,1.0,0.0,29.0,1
2015.0,48.076923,1.0,0.0,26.0,1
2015.0,14.423077,0.0,1.0,31.0,1
2015.0,26.923077,1.0,0.0,33.0,1
2015.0,14.022436,0.0,0.0,28.0,1
2015.0,68.12981,1.0,0.0,29.0,1
2015.0,11.858974,1.0,1.0,27.0,1
2015.0,16.826923,1.0,1.0,26.0,1
2015.0,52.884617,1.0,1.0,26.0,1
2015.0,40.865383,1.0,0.0,28.0,1
2015.0,25.213675,1.0,1.0,28.0,1
2015.0,15.384615,1.0,0.0,34.0,1
2015.0,17.307692,1.0,0.0,33.0,1
2015.0,24.038462,1.0,0.0,32.0,1
2015.0,28.846153,1.0,0.0,31.0,1
2015.0,17.307692,1.0,1.0,29.0,1
2015.0,38.46154,1.0,0.0,25.0,1
2015.0,16.826923,1.0,1.0,26.0,1
2015.0,19.23077,1.0,1.0,26.0,1
2015.0,12.307693,1.0,1.0,26.0,1
2015.0,25.0,1.0,1.0,26.0,1
2015.0,14.423077,1.0,1.0,32.0,1
2015.0,7.5,0.0,1.0,33.0,1
2015.0,17.307692,0.0,1.0,31.0,1
2015.0,16.02564,0.0,0.0,26.0,1
2015.0,11.965812,1.0,1.0,27.0,1
2015.0,21.153847,1.0,1.0,31.0,1
2015.0,25.0,0.0,0.0,26.0,1
2015.0,35.25641,1.0,0.0,29.0,1
2015.0,48.076923,1.0,0.0,30.0,1
2015.0,58.173077,1.0,0.0,30.0,1
2015.0,25.48077,1.0,1.0,27.0,1
2015.0,36.057693,1.0,1.0,30.0,1
2015.0,18.26923,0.0,0.0,28.0,1
2015.0,7.451923,0.0,0.0,28.0,1
2015.0,14.423077,1.0,0.0,31.0,1
2015.0,11.057693,0.0,0.0,26.0,1
2015.0,33.566433,1.0,0.0,31.0,1
2015.0,46.875,1.0,0.0,28.0,1
2015.0,40.865383,1.0,1.0,28.0,1
2015.0,12.019231,0.0,0.0,28.0,1
2015.0,13.75,0.0,0.0,30.0,1
2015.0,12.019231,0.0,0.0,33.0,1
2015.0,28.846153,0.0,1.0,34.0,1
2015.0,12.5,1.0,0.0,25.0,1
2015.0,69.23077,1.0,0.0,33.0,1
2015.0,19.23077,1.0,0.0,34.0,1
2015.0,23.798077,1.0,0.0,26.0,1
2015.0,12.820513,1.0,0.0,28.0,1
2015.0,36.324787,1.0,0.0,31.0,1
2015.0,36.53846,1.0,0.0,31.0,1
2015.0,42.307693,1.0,0.0,33.0,1
2015.0,57.692307,1.0,1.0,27.0,1
2015.0,23.076923,1.0,0.0,28.0,1
2015.0,16.346153,0.0,0.0,29.0,1
2015.0,30.5,1.0,1.0,26.0,1
2015.0,8.5470085,1.0,1.0,29.0,1
2015.0,5.1282053,1.0,1.0,26.0,1
2015.0,18.26923,1.0,1.0,25.0,1
2015.0,39.423077,1.0,1.0,25.0,1
2015.0,28.846153,1.0,1.0,25.0,1
2015.0,57.692307,1.0,1.0,26.0,1
2015.0,12.019231,0.0,0.0,33.0,1
2015.0,12.019231,0.0,0.0,31.0,1
2015.0,20.512821,0.0,0.0,33.0,1
2015.0,15.769231,1.0,0.0,28.0,1
2015.0,28.846153,1.0,0.0,31.0,1
2015.0,21.634615,1.0,0.0,33.0,1
2015.0,62.50096,1.0,0.0,26.0,1
2015.0,20.192308,0.0,1.0,33.0,1
2015.0,18.076923,1.0,0.0,26.0,1
2015.0,25.641026,1.0,0.0,25.0,1
2015.0,33.333332,1.0,0.0,26.0,1
2015.0,33.566433,1.0,0.0,34.0,1
2015.0,31.25,1.0,0.0,31.0,1
2015.0,28.846153,1.0,0.0,27.0,1
2015.0,20.192308,1.0,0.0,32.0,1
2015.0,16.826923,0.0,0.0,30.0,1
2015.0,9.615385,0.0,0.0,31.0,1
2015.0,12.820513,1.0,1.0,34.0,1
2015.0,19.807692,1.0,0.0,33.0,1
2015.0,7.4038463,1.0,1.0,28.0,1
2015.0,51.923077,1.0,0.0,25.0,1
2015.0,40.865383,1.0,0.0,26.0,1
2015.0,43.26923,1.0,0.0,25.0,1
2015.0,12.5,1.0,1.0,33.0,1
2015.0,10.0,0.0,0.0,32.0,1
2015.0,33.653847,1.0,0.0,31.0,1
2015.0,11.057693,0.0,0.0,29.0,1
2015.0,28.846153,1.0,1.0,32.0,1
2015.0,39.54409,1.0,1.0,32.0,1
2015.0,43.26923,1.0,0.0,27.0,1
2015.0,38.46154,1.0,1.0,27.0,1
2015.0,14.423077,0.0,0.0,32.0,1
2015.0,24.23077,0.0,0.0,32.0,1
2015.0,31.25,1.0,0.0,33.0,1
2015.0,13.795986,0.0,0.0,26.0,1
2015.0,19.23077,0.0,0.0,26.0,1
2015.0,16.826923,0.0,0.0,30.0,1
2015.0,9.134615,0.0,0.0,28.0,1
2015.0,22.115385,1.0,1.0,29.0,1
2015.0,19.23077,1.0,0.0,34.0,1
2015.0,13.736263,1.0,1.0,32.0,1
2015.0,14.423077,1.0,1.0,28.0,1
2015.0,12.820513,1.0,0.0,28.0,1
2015.0,10.416667,0.0,1.0,29.0,1
2015.0,17.094017,1.0,0.0,28.0,1
2015.0,19.23077,0.0,1.0,32.0,1
2015.0,16.826923,0.0,1.0,31.0,1
2015.0,14.795918,0.0,0.0,32.0,1
2015.0,12.019231,0.0,0.0,29.0,1
2015.0,12.019231,0.0,0.0,27.0,1
2015.0,14.957265,0.0,0.0,31.0,1
2015.0,4.6153846,0.0,0.0,30.0,1
2015.0,31.25,1.0,1.0,32.0,1
2015.0,12.020192,0.0,0.0,30.0,1
2015.0,15.432693,0.0,0.0,26.0,1
2015.0,15.0,0.0,0.0,27.0,1
2015.0,27.5,0.0,0.0,34.0,1
2015.0,21.25506,0.0,0.0,27.0,1
2015.0,12.259615,1.0,0.0,30.0,1
2015.0,12.0,1.0,1.0,31.0,1
2015.0,16.826923,0.0,0.0,34.0,1
2015.0,28.846153,0.0,0.0,25.0,1
2015.0,11.057693,0.0,0.0,34.0,1
2015.0,18.384615,0.0,0.0,28.0,1
2015.0,11.538462,0.0,1.0,27.0,1
2015.0,24.038462,1.0,0.0,26.0,1
2015.0,26.041666,1.0,1.0,25.0,1
2015.0,14.424039,0.0,0.0,29.0,1
2015.0,14.835165,1.0,0.0,33.0,1
2015.0,12.588462,0.0,1.0,31.0,1
2015.0,5.769231,0.0,0.0,32.0,1
2015.0,23.076923,1.0,1.0,28.0,1
2015.0,11.057693,0.0,0.0,32.0,1
2015.0,19.2,1.0,0.0,34.0,1
2015.0,13.888889,0.0,0.0,29.0,1
2015.0,20.192308,0.0,1.0,34.0,1
2015.0,16.826923,0.0,0.0,25.0,1
2015.0,14.423077,0.0,0.0,34.0,1
2015.0,26.442308,1.0,1.0,26.0,1
2015.0,28.846153,0.0,0.0,29.0,1
2015.0,7.6923075,1.0,0.0,28.0,1
2015.0,10.0,0.0,1.0,31.0,1
2015.0,9.615385,0.0,0.0,26.0,1
2015.0,19.23077,1.0,0.0,29.0,1
2015.0,24.038462,0.0,0.0,31.0,1
2015.0,23.076923,0.0,1.0,26.0,1
2015.0,51.28205,1.0,1.0,32.0,1
2015.0,35.108173,0.0,0.0,32.0,1
2015.0,43.653847,1.0,1.0,34.0,1
2015.0,14.423077,0.0,1.0,29.0,1
2015.0,20.979021,0.0,0.0,25.0,1
2015.0,25.961538,1.0,0.0,34.0,1
2015.0,16.194332,0.0,1.0,26.0,1
2015.0,8.653846,0.0,0.0,27.0,1
2015.0,13.888889,1.0,0.0,33.0,1
2015.0,28.846153,1.0,0.0,30.0,1
2015.0,25.0,1.0,1.0,25.0,1
2015.0,21.634615,1.0,0.0,26.0,1
2015.0,18.191269,0.0,1.0,29.0,1
2015.0,20.673077,0.0,1.0,33.0,1
2015.0,12.019231,0.0,1.0,32.0,1
2015.0,81.73077,1.0,0.0,33.0,1
2015.0,48.076923,1.0,0.0,34.0,1
2015.0,22.451923,1.0,1.0,31.0,1
2015.0,23.076923,1.0,0.0,26.0,1
2015.0,51.153847,1.0,1.0,30.0,1
2015.0,30.76923,1.0,0.0,30.0,1
2015.0,31.250961,1.0,0.0,34.0,1
2015.0,10.096154,1.0,1.0,25.0,1
2015.0,22.307692,0.0,0.0,28.0,1
2015.0,31.25,1.0,1.0,31.0,1
2015.0,8.894231,0.0,1.0,26.0,1
2015.0,57.692307,0.0,0.0,33.0,1
2015.0,35.0,1.0,0.0,29.0,1
2015.0,9.615385,0.0,0.0,32.0,1
2015.0,13.942307,0.0,0.0,25.0,1
2015.0,14.903846,0.0,1.0,31.0,1
2015.0,26.923077,0.0,0.0,33.0,1
2015.0,29.326923,1.0,1.0,29.0,1
2015.0,24.038462,0.0,1.0,29.0,1
2015.0,21.634615,0.0,1.0,30.0,1
2015.0,16.826923,0.0,0.0,29.0,1
2015.0,23.076923,1.0,0.0,32.0,1
2015.0,5.1923075,0.0,0.0,25.0,1
2015.0,16.346153,0.0,0.0,28.0,1
2015.0,28.846153,1.0,1.0,32.0,1
2015.0,42.735043,1.0,0.0,29.0,1
2015.0,19.23077,1.0,1.0,32.0,1
2015.0,29.91453,1.0,0.0,28.0,1
2015.0,25.961538,1.0,1.0,28.0,1
2015.0,43.26923,1.0,0.0,28.0,1
2015.0,24.038462,1.0,1.0,30.0,1
2015.0,9.615385,0.0,0.0,28.0,1
2015.0,72.11539,1.0,0.0,29.0,1
2015.0,21.634615,0.0,1.0,34.0,1
2015.0,16.538462,1.0,0.0,33.0,1
2015.0,19.956459,1.0,1.0,34.0,1
2015.0,13.346154,1.0,1.0,25.0,1
2015.0,16.27219,1.0,0.0,30.0,1
2015.0,32.692307,1.0,0.0,30.0,1
2015.0,17.788462,0.0,1.0,26.0,1
2015.0,46.153847,0.0,0.0,30.0,1
2015.0,21.153847,0.0,1.0,27.0,1
2015.0,10.576923,0.0,0.0,28.0,1
2015.0,24.291498,0.0,1.0,33.0,1
2015.0,6.584615,0.0,0.0,27.0,1
2015.0,6.7016315,0.0,0.0,32.0,1
2015.0,44.23077,1.0,0.0,33.0,1
2015.0,21.634615,1.0,1.0,30.0,1
2015.0,50.0,1.0,0.0,26.0,1
2015.0,20.833334,1.0,0.0,31.0,1
2015.0,10.721154,0.0,0.0,31.0,1
2015.0,11.880342,0.0,0.0,31.0,1
2015.0,33.653847,0.0,1.0,31.0,1
2015.0,17.375,0.0,1.0,26.0,1
2015.0,30.76923,0.0,0.0,34.0,1
2015.0,41.923077,1.0,1.0,34.0,1
2015.0,18.315018,0.0,0.0,29.0,1
2015.0,5.6089745,1.0,1.0,33.0,1
2015.0,43.26923,0.0,0.0,32.0,1
2015.0,24.038462,0.0,1.0,32.0,1
2015.0,11.734694,0.0,1.0,34.0,1
2015.0,21.634615,1.0,1.0,30.0,1
2015.0,38.46154,0.0,0.0,32.0,1
2015.0,21.634615,0.0,0.0,27.0,1
2015.0,5.4490385,0.0,0.0,25.0,1
2015.0,41.42012,1.0,0.0,33.0,1
2015.0,16.316345,1.0,1.0,29.0,1
2015.0,26.373627,1.0,1.0,29.0,1
2015.0,13.942307,0.0,0.0,33.0,1
2015.0,19.23077,0.0,1.0,31.0,1
2015.0,21.314102,1.0,0.0,28.0,1
2015.0,15.384615,0.0,0.0,29.0,1
2015.0,16.153847,0.0,0.0,28.0,1
2015.0,26.923077,1.0,0.0,29.0,1
2015.0,9.615385,0.0,0.0,32.0,1
2015.0,19.23077,1.0,1.0,32.0,1
2015.0,5.827506,1.0,1.0,32.0,1
2015.0,19.23077,0.0,0.0,28.0,1
2015.0,38.46154,0.0,0.0,31.0,1
2015.0,9.615385,1.0,1.0,28.0,1
2015.0,11.538462,1.0,1.0,31.0,1
2015.0,16.346153,1.0,1.0,31.0,1
2015.0,84.13461,0.0,1.0,28.0,1
2015.0,5.769231,0.0,0.0,28.0,1
2015.0,16.25,0.0,0.0,28.0,1
2015.0,10.096154,0.0,1.0,29.0,1
2015.0,2.8846154,1.0,0.0,29.0,1
2015.0,35.576923,0.0,0.0,32.0,1
2015.0,7.6923075,0.0,0.0,28.0,1
2015.0,24.038462,0.0,0.0,25.0,1
2015.0,9.615385,0.0,0.0,31.0,1
2015.0,5.547337,0.0,1.0,32.0,1
2015.0,12.000961,0.0,1.0,32.0,1
2015.0,12.55,0.0,1.0,29.0,1
2015.0,20.192308,0.0,0.0,31.0,1
2015.0,10.576923,0.0,0.0,32.0,1
2015.0,15.865385,0.0,0.0,29.0,1
2015.0,14.423077,0.0,0.0,33.0,1
2015.0,10.096154,0.0,1.0,34.0,1
2015.0,24.019608,1.0,1.0,31.0,1
2015.0,18.26923,0.0,0.0,29.0,1
2015.0,14.423077,0.0,0.0,33.0,1
2015.0,29.48782,1.0,0.0,32.0,1
2015.0,24.038462,0.0,0.0,27.0,1
2015.0,13.943269,0.0,0.0,33.0,1
2015.0,14.423077,0.0,0.0,34.0,1
2015.0,17.307692,1.0,1.0,34.0,1
2015.0,7.5,0.0,1.0,25.0,1
2015.0,16.826923,0.0,0.0,32.0,1
2015.0,20.673077,0.0,0.0,28.0,1
2015.0,19.23077,0.0,0.0,26.0,1
2015.0,34.188034,0.0,1.0,32.0,1
2015.0,12.5,0.0,0.0,33.0,1
2015.0,16.02564,0.0,0.0,33.0,1
2015.0,13.942307,0.0,0.0,27.0,1
2015.0,13.461538,0.0,1.0,26.0,1
2015.0,14.423077,0.0,0.0,31.0,1
2015.0,13.942307,0.0,1.0,34.0,1
2015.0,13.461538,0.0,0.0,30.0,1
2015.0,10.0,0.0,0.0,26.0,1
2015.0,11.490385,0.0,0.0,34.0,1
2015.0,12.858461,1.0,0.0,33.0,1
2015.0,17.482517,0.0,0.0,25.0,1
2015.0,19.23077,0.0,0.0,34.0,1
2015.0,25.0,0.0,0.0,32.0,1
2015.0,48.076923,1.0,0.0,31.0,1
2015.0,34.615383,1.0,0.0,30.0,1
2015.0,9.714286,0.0,1.0,28.0,1
2015.0,10.576923,1.0,0.0,32.0,1
2015.0,12.019231,1.0,1.0,34.0,1
2015.0,16.073076,1.0,0.0,34.0,1
2015.0,15.865385,1.0,1.0,28.0,1
2015.0,24.038462,1.0,1.0,30.0,1
2015.0,26.442308,0.0,0.0,34.0,1
2015.0,21.634615,0.0,0.0,31.0,1
2015.0,24.51923,1.0,1.0,31.0,1
2015.0,13.0,0.0,0.0,28.0,1
2015.0,60.096153,1.0,1.0,31.0,1
2015.0,19.23077,1.0,0.0,30.0,1
2015.0,58.8697,1.0,0.0,25.0,1
2015.0,16.826923,1.0,1.0,33.0,1
2015.0,30.76923,1.0,1.0,32.0,1
2015.0,16.826923,0.0,0.0,30.0,1
2015.0,24.038462,1.0,1.0,25.0,1
2015.0,30.76923,1.0,0.0,31.0,1
2015.0,20.833334,0.0,0.0,32.0,1
2015.0,28.846153,1.0,0.0,30.0,1
2015.0,18.75,0.0,0.0,31.0,1
2015.0,24.038462,0.0,0.0,31.0,1
2015.0,15.384615,0.0,0.0,26.0,1
2015.0,72.59615,1.0,0.0,30.0,1
2015.0,24.038462,1.0,1.0,26.0,1
2015.0,19.23077,1.0,1.0,25.0,1
2015.0,12.820513,0.0,0.0,31.0,1
2015.0,14.676113,0.0,1.0,31.0,1
2015.0,14.423077,1.0,1.0,30.0,1
2015.0,16.826923,0.0,0.0,34.0,1
2015.0,19.23077,0.0,0.0,27.0,1
2015.0,6.730769,0.0,0.0,27.0,1
2015.0,15.384615,1.0,1.0,34.0,1
2015.0,22.435898,1.0,0.0,34.0,1
2015.0,7.2115383,0.0,1.0,26.0,1
2015.0,5.769231,1.0,1.0,25.0,1
2015.0,63.034187,1.0,1.0,32.0,1
2015.0,6.730769,0.0,1.0,32.0,1
2015.0,28.847115,1.0,1.0,25.0,1
2015.0,43.956043,1.0,0.0,33.0,1
2015.0,11.538462,1.0,1.0,28.0,1
2015.0,25.0,0.0,0.0,31.0,1
2015.0,11.057693,0.0,0.0,31.0,1
2015.0,48.076923,1.0,1.0,32.0,1
2015.0,22.222221,0.0,0.0,30.0,1
2015.0,14.423077,1.0,0.0,27.0,1
2015.0,7.6923075,0.0,0.0,33.0,1
2015.0,7.2115383,0.0,0.0,31.0,1
2015.0,28.846153,1.0,0.0,32.0,1
2015.0,21.634615,1.0,0.0,29.0,1
2015.0,14.423077,0.0,1.0,30.0,1
2015.0,33.653847,0.0,0.0,33.0,1
2015.0,11.538462,0.0,0.0,29.0,1
2015.0,19.23077,1.0,1.0,34.0,1
2015.0,26.442308,1.0,1.0,34.0,1
2015.0,91.34615,1.0,0.0,26.0,1
2015.0,38.46154,1.0,0.0,34.0,1
2015.0,19.23077,0.0,0.0,33.0,1
2015.0,25.846153,0.0,1.0,31.0,1
2015.0,13.8471155,0.0,1.0,28.0,1
2015.0,14.951923,0.0,0.0,25.0,1
2015.0,9.615385,0.0,0.0,33.0,1
2015.0,8.653846,1.0,0.0,31.0,1
2015.0,14.423077,0.0,1.0,27.0,1
2015.0,16.538462,1.0,1.0,34.0,1
2015.0,19.23077,0.0,0.0,30.0,1
2015.0,18.26923,0.0,1.0,30.0,1
2015.0,27.777779,1.0,1.0,26.0,1
2015.0,53.846153,1.0,0.0,29.0,1
2015.0,14.615385,1.0,1.0,29.0,1
2015.0,16.346153,0.0,0.0,25.0,1
2015.0,28.846153,1.0,0.0,34.0,1
2015.0,11.5,0.0,0.0,32.0,1
2015.0,26.442308,1.0,0.0,25.0,1
2015.0,48.076923,1.0,0.0,33.0,1
2015.0,23.076923,0.0,0.0,25.0,1
2015.0,59.82906,1.0,0.0,30.0,1
2015.0,31.25,1.0,1.0,31.0,1
2015.0,58.760685,1.0,0.0,30.0,1
2015.0,35.576923,1.0,0.0,28.0,1
2015.0,27.884615,1.0,0.0,25.0,1
2015.0,21.634615,0.0,1.0,33.0,1
2015.0,15.384615,0.0,0.0,31.0,1
2015.0,5.769231,1.0,1.0,29.0,1
2015.0,16.826923,0.0,0.0,26.0,1
2015.0,96.15385,1.0,0.0,25.0,1
2015.0,30.76923,1.0,0.0,34.0,1
2015.0,9.230769,0.0,0.0,27.0,1
2015.0,13.653846,1.0,1.0,27.0,1
2015.0,32.692307,1.0,1.0,34.0,1
